,text,word,counter,x,y,width,height
0,a_1973oilcrisis_1_1280_720,The,0,70,113,40,18
1,a_1973oilcrisis_1_1280_720,embargo,0,144,113,98,24
2,a_1973oilcrisis_1_1280_720,had,0,277,113,39,18
3,a_1973oilcrisis_1_1280_720,a_,0,350,118,10,13
4,a_1973oilcrisis_1_1280_720,negative,0,395,113,92,24
5,a_1973oilcrisis_1_1280_720,influence,0,521,113,100,18
6,a_1973oilcrisis_1_1280_720,on,0,654,118,27,13
7,a_1973oilcrisis_1_1280_720,the,1,714,113,35,18
8,a_1973oilcrisis_1_1280_720,US,0,784,114,27,17
9,a_1973oilcrisis_1_1280_720,economy,0,845,118,101,19
10,a_1973oilcrisis_1_1280_720,by,0,980,113,24,24
11,a_1973oilcrisis_1_1280_720,causing,0,1037,113,83,24
12,a_1973oilcrisis_1_1280_720,immediate,0,72,185,117,18
13,a_1973oilcrisis_1_1280_720,demands,0,222,185,103,18
14,a_1973oilcrisis_1_1280_720,to,0,358,187,21,16
15,a_1973oilcrisis_1_1280_720,address,0,412,185,87,18
16,a_1973oilcrisis_1_1280_720,the,2,532,185,35,18
17,a_1973oilcrisis_1_1280_720,threats,0,600,185,78,18
18,a_1973oilcrisis_1_1280_720,to,1,711,187,21,16
19,a_1973oilcrisis_1_1280_720,U.S.,1,767,186,39,17
20,a_1973oilcrisis_1_1280_720,energy,0,840,190,76,19
21,a_1973oilcrisis_1_1280_720,security.,0,948,186,91,23
22,a_1973oilcrisis_1_1280_720,On,1,1074,186,30,17
23,a_1973oilcrisis_1_1280_720,an,0,1138,190,25,13
24,a_1973oilcrisis_1_1280_720,international,0,72,257,140,18
25,a_1973oilcrisis_1_1280_720,"level,",0,247,257,54,21
26,a_1973oilcrisis_1_1280_720,the,3,334,257,35,18
27,a_1973oilcrisis_1_1280_720,price,0,403,258,53,23
28,a_1973oilcrisis_1_1280_720,increases,0,490,257,103,18
29,a_1973oilcrisis_1_1280_720,changed,0,626,257,93,24
30,a_1973oilcrisis_1_1280_720,competitive,0,753,257,128,24
31,a_1973oilcrisis_1_1280_720,positions,0,916,257,99,24
32,a_1973oilcrisis_1_1280_720,in,0,1049,258,17,17
33,a_1973oilcrisis_1_1280_720,many,0,1101,262,60,19
34,a_1973oilcrisis_1_1280_720,"industries,",0,72,329,113,21
35,a_1973oilcrisis_1_1280_720,such,0,220,329,49,18
36,a_1973oilcrisis_1_1280_720,as,0,303,334,23,13
37,a_1973oilcrisis_1_1280_720,automobiles.,0,359,329,143,18
38,a_1973oilcrisis_1_1280_720,Macroeconomic,0,537,329,176,18
39,a_1973oilcrisis_1_1280_720,problems,0,747,329,104,24
40,a_1973oilcrisis_1_1280_720,consisted,0,884,329,104,18
41,a_1973oilcrisis_1_1280_720,of,0,1022,329,22,18
42,a_1973oilcrisis_1_1280_720,both,0,1076,329,49,18
43,a_1973oilcrisis_1_1280_720,inflationary,0,72,401,125,24
44,a_1973oilcrisis_1_1280_720,and,0,230,401,39,18
45,a_1973oilcrisis_1_1280_720,deflationary,0,304,401,133,24
46,a_1973oilcrisis_1_1280_720,impacts.,0,470,401,91,24
47,a_1973oilcrisis_1_1280_720,The,4,594,401,40,18
48,a_1973oilcrisis_1_1280_720,embargo,1,667,401,99,24
49,a_1973oilcrisis_1_1280_720,left,0,800,401,34,18
50,a_1973oilcrisis_1_1280_720,oil,0,867,401,23,18
51,a_1973oilcrisis_1_1280_720,companies,0,925,401,119,24
52,a_1973oilcrisis_1_1280_720,searching,0,1078,401,106,24
53,a_1973oilcrisis_1_1280_720,for,0,71,473,31,18
54,a_1973oilcrisis_1_1280_720,new,0,135,478,45,13
55,a_1973oilcrisis_1_1280_720,ways,0,212,478,54,19
56,a_1973oilcrisis_1_1280_720,to,2,299,475,21,16
57,a_1973oilcrisis_1_1280_720,increase,0,354,473,91,18
58,a_1973oilcrisis_1_1280_720,oil,1,479,473,23,18
59,a_1973oilcrisis_1_1280_720,"supplies,",0,536,473,96,24
60,a_1973oilcrisis_1_1280_720,even,0,666,478,51,13
61,a_1973oilcrisis_1_1280_720,in,1,752,473,17,18
62,a_1973oilcrisis_1_1280_720,rugged,0,804,473,75,24
63,a_1973oilcrisis_1_1280_720,terrain,0,913,473,73,18
64,a_1973oilcrisis_1_1280_720,such,1,1020,473,50,18
65,a_1973oilcrisis_1_1280_720,as_,0,1104,478,23,13
66,a_1973oilcrisis_1_1280_720,the,5,1159,473,35,18
67,a_1973oilcrisis_1_1280_720,Arctic.,0,70,546,67,17
68,a_1973oilcrisis_1_1280_720,Finding,0,172,545,79,24
69,a_1973oilcrisis_1_1280_720,oil,2,284,545,24,18
70,a_1973oilcrisis_1_1280_720,and,1,342,545,40,18
71,a_1973oilcrisis_1_1280_720,developing,0,416,545,121,24
72,a_1973oilcrisis_1_1280_720,new,1,571,550,44,13
73,a_1973oilcrisis_1_1280_720,fields,0,647,545,58,18
74,a_1973oilcrisis_1_1280_720,usually,0,740,545,76,24
75,a_1973oilcrisis_1_1280_720,required,0,849,545,93,24
76,a_1973oilcrisis_1_1280_720,five,0,976,545,38,18
77,a_1973oilcrisis_1_1280_720,to,3,1047,547,21,16
78,a_1973oilcrisis_1_1280_720,ten,0,1101,547,34,16
79,a_1973oilcrisis_1_1280_720,years,0,70,622,59,19
80,a_1973oilcrisis_1_1280_720,before,0,163,617,71,18
81,a_1973oilcrisis_1_1280_720,significant,0,268,617,112,24
82,a_1973oilcrisis_1_1280_720,production.,0,413,617,127,24
83,a_1973oilcrisis_1_qa_2_1280_720,Which,0,21,48,67,18
84,a_1973oilcrisis_1_qa_2_1280_720,problem,0,123,48,91,24
85,a_1973oilcrisis_1_qa_2_1280_720,consists,0,248,49,88,17
86,a_1973oilcrisis_1_qa_2_1280_720,of,0,369,48,22,18
87,a_1973oilcrisis_1_qa_2_1280_720,both,0,424,48,48,18
88,a_1973oilcrisis_1_qa_2_1280_720,inflationary,0,507,48,125,24
89,a_1973oilcrisis_1_qa_2_1280_720,and,0,665,48,40,18
90,a_1973oilcrisis_1_qa_2_1280_720,deflationary,0,739,48,133,24
91,a_1973oilcrisis_1_qa_2_1280_720,impacts?,0,905,49,96,23
92,a_DoctorWho_4_1280_720, ,0,977,293,10,306
93,a_DoctorWho_4_1280_720,Doctor,0,72,78,74,17
94,a_DoctorWho_4_1280_720,Who,0,178,77,49,18
95,a_DoctorWho_4_1280_720,has,0,262,77,36,18
96,a_DoctorWho_4_1280_720,appeared,0,332,77,104,24
97,a_DoctorWho_4_1280_720,on,0,471,82,26,13
98,a_DoctorWho_4_1280_720,stage,0,531,79,57,22
99,a_DoctorWho_4_1280_720,numerous,0,623,82,112,13
100,a_DoctorWho_4_1280_720,times.,0,768,77,66,18
101,a_DoctorWho_4_1280_720,In,0,869,78,17,17
102,a_DoctorWho_4_1280_720,the,0,920,77,35,18
103,a_DoctorWho_4_1280_720,early,0,989,77,53,24
104,a_DoctorWho_4_1280_720,"1970s,",0,1076,78,68,20
105,a_DoctorWho_4_1280_720,Trevor,0,70,150,72,17
106,a_DoctorWho_4_1280_720,Martin,0,176,149,70,18
107,a_DoctorWho_4_1280_720,played,0,281,149,71,24
108,a_DoctorWho_4_1280_720,the,1,385,149,35,18
109,a_DoctorWho_4_1280_720,role,0,455,149,40,18
110,a_DoctorWho_4_1280_720,in,1,530,149,17,18
111,a_DoctorWho_4_1280_720,Doctor,1,582,150,74,17
112,a_DoctorWho_4_1280_720,Who,1,688,149,49,18
113,a_DoctorWho_4_1280_720,and,0,771,149,40,18
114,a_DoctorWho_4_1280_720,the,2,844,149,35,18
115,a_DoctorWho_4_1280_720,Daleks,0,914,149,71,18
116,a_DoctorWho_4_1280_720,in,2,1019,149,17,18
117,a_DoctorWho_4_1280_720,the,3,1070,149,35,18
118,a_DoctorWho_4_1280_720,Seven,0,1138,150,64,17
119,a_DoctorWho_4_1280_720,Keys,0,72,222,49,23
120,a_DoctorWho_4_1280_720,to,0,153,223,22,16
121,a_DoctorWho_4_1280_720,Doomsday.,0,209,221,123,24
122,a_DoctorWho_4_1280_720,In,3,367,222,17,17
123,a_DoctorWho_4_1280_720,the,4,418,221,35,18
124,a_DoctorWho_4_1280_720,late,0,487,221,39,18
125,a_DoctorWho_4_1280_720,"1980s,",0,560,222,69,20
126,a_DoctorWho_4_1280_720,Jon,0,660,222,35,22
127,a_DoctorWho_4_1280_720,Pertwee,0,731,222,88,17
128,a_DoctorWho_4_1280_720,and,1,853,221,39,18
129,a_DoctorWho_4_1280_720,Colin,0,927,221,53,18
130,a_DoctorWho_4_1280_720,Baker,0,1015,221,62,18
131,a_DoctorWho_4_1280_720,both,0,1111,221,49,18
132,a_DoctorWho_4_1280_720,played,1,72,293,70,24
133,a_DoctorWho_4_1280_720,the,5,176,293,35,18
134,a_DoctorWho_4_1280_720,Doctor,2,246,294,73,17
135,a_DoctorWho_4_1280_720,at,0,352,295,20,16
136,a_DoctorWho_4_1280_720,different,0,405,293,96,18
137,a_DoctorWho_4_1280_720,times,1,533,293,60,18
138,a_DoctorWho_4_1280_720,during,0,626,293,72,24
139,a_DoctorWho_4_1280_720,the,6,730,293,35,18
140,a_DoctorWho_4_1280_720,run,0,799,298,36,13
141,a_DoctorWho_4_1280_720,of,0,869,293,22,18
142,a_DoctorWho_4_1280_720,a,0,923,298,10,13
143,a_DoctorWho_4_1280_720,play,0,968,298,44,19
144,a_DoctorWho_4_1280_720,titled,0,1044,293,55,18
145,a_DoctorWho_4_1280_720,Doctor,3,1134,294,74,17
146,a_DoctorWho_4_1280_720,Who,2,70,365,50,18
147,a_DoctorWho_4_1280_720,-,0,153,375,11,2
148,a_DoctorWho_4_1280_720,The,7,196,365,40,18
149,a_DoctorWho_4_1280_720,Ultimate,0,271,365,92,18
150,a_DoctorWho_4_1280_720,Adventure.,0,396,365,121,18
151,a_DoctorWho_4_1280_720,For,0,552,366,34,17
152,a_DoctorWho_4_1280_720,two,0,618,367,40,16
153,a_DoctorWho_4_1280_720,"performances,",0,692,365,160,24
154,a_DoctorWho_4_1280_720,while,0,885,365,58,18
155,a_DoctorWho_4_1280_720,Pertwee,1,977,366,89,17
156,a_DoctorWho_4_1280_720,was,0,1098,370,42,13
157,a_DoctorWho_4_1280_720,_,0,1140,361,12,32
158,a_DoctorWho_4_1280_720,"ill,",0,1174,365,21,21
159,a_DoctorWho_4_1280_720,David,0,72,437,60,18
160,a_DoctorWho_4_1280_720,Banks,0,167,437,64,18
161,a_DoctorWho_4_1280_720,(better,0,264,437,75,22
162,a_DoctorWho_4_1280_720,known,0,372,437,72,18
163,a_DoctorWho_4_1280_720,for,1,477,437,32,18
164,a_DoctorWho_4_1280_720,playing,0,542,437,78,24
165,a_DoctorWho_4_1280_720,Cybermen),0,653,437,120,24
166,a_DoctorWho_4_1280_720,played,2,807,437,71,24
167,a_DoctorWho_4_1280_720,the,8,911,437,35,18
168,a_DoctorWho_4_1280_720,Doctor.,4,983,438,77,17
169,a_DoctorWho_4_1280_720,Other,0,1094,437,63,18
170,a_DoctorWho_4_1280_720,original,0,71,509,81,24
171,a_DoctorWho_4_1280_720,plays,0,187,509,54,24
172,a_DoctorWho_4_1280_720,have,0,275,509,51,18
173,a_DoctorWho_4_1280_720,been,0,360,509,53,18
174,a_DoctorWho_4_1280_720,staged,0,447,509,72,24
175,a_DoctorWho_4_1280_720,as,0,553,514,22,13
176,a_DoctorWho_4_1280_720,amateur,0,609,511,94,16
177,a_DoctorWho_4_1280_720,"productions,",0,736,509,138,24
178,a_DoctorWho_4_1280_720,with,0,907,509,46,18
179,a_DoctorWho_4_1280_720,other,1,987,509,60,18
180,a_DoctorWho_4_1280_720,actors,0,1079,511,67,16
181,a_DoctorWho_4_1280_720,playing,1,72,581,78,24
182,a_DoctorWho_4_1280_720,the,9,182,581,35,18
183,a_DoctorWho_4_1280_720,"Doctor,",5,251,582,79,20
184,a_DoctorWho_4_1280_720,while,1,363,581,58,18
185,a_DoctorWho_4_1280_720,Terry,0,453,582,58,23
186,a_DoctorWho_4_1280_720,Nation,0,545,581,71,18
187,a_DoctorWho_4_1280_720,wrote,0,649,583,64,16
188,a_DoctorWho_4_1280_720,The,10,745,581,40,18
189,a_DoctorWho_4_1280_720,Curse,0,819,582,62,17
190,a_DoctorWho_4_1280_720,of,1,915,581,22,18
191,a_DoctorWho_4_1280_720,the,11,968,583,35,16
192,a_DoctorWho_4_1280_720,"Daleks,",1,1037,581,77,21
193,a_DoctorWho_4_1280_720,a,1,1148,586,11,13
194,a_DoctorWho_4_1280_720,stage,1,71,655,58,22
195,a_DoctorWho_4_1280_720,play,1,163,653,44,24
196,a_DoctorWho_4_1280_720,mounted,0,240,653,99,18
197,a_DoctorWho_4_1280_720,in,4,374,653,17,18
198,a_DoctorWho_4_1280_720,the,12,425,653,35,18
199,a_DoctorWho_4_1280_720,late,1,494,653,39,18
200,a_DoctorWho_4_1280_720,"1960s,",0,567,654,69,20
201,a_DoctorWho_4_1280_720,but,0,671,653,35,18
202,a_DoctorWho_4_1280_720,without,0,738,653,85,18
203,a_DoctorWho_4_1280_720,the,13,856,653,35,18
204,a_DoctorWho_4_1280_720,Doctor.,6,925,654,79,17
205,a_DoctorWho_4_qa_0_1280_720,Who,0,20,48,50,18
206,a_DoctorWho_4_qa_0_1280_720,played,0,104,48,71,24
207,a_DoctorWho_4_qa_0_1280_720,Doctor,0,210,49,74,17
208,a_DoctorWho_4_qa_0_1280_720,Who,1,316,48,49,18
209,a_DoctorWho_4_qa_0_1280_720,on_=,0,399,53,26,13
210,a_DoctorWho_4_qa_0_1280_720,stage,0,459,50,58,22
211,a_DoctorWho_4_qa_0_1280_720,in,0,551,49,17,17
212,a_DoctorWho_4_qa_0_1280_720,the,0,602,48,35,18
213,a_DoctorWho_4_qa_0_1280_720,70's?,0,670,49,53,17
214,a_Force_4_1280_720,where,0,70,149,69,18
215,a_Force_4_1280_720,is,0,173,149,15,18
216,a_Force_4_1280_720,the,0,221,149,35,18
217,a_Force_4_1280_720,relevant,0,290,149,89,18
218,a_Force_4_1280_720,cross-sectional,0,412,149,163,18
219,a_Force_4_1280_720,area,0,609,154,47,13
220,a_Force_4_1280_720,for,0,690,149,31,18
221,a_Force_4_1280_720,the,1,753,149,35,18
222,a_Force_4_1280_720,volume,0,821,149,81,18
223,a_Force_4_1280_720,for,1,935,149,32,18
224,a_Force_4_1280_720,which,0,999,149,63,18
225,a_Force_4_1280_720,the,2,1096,149,35,18
226,a_Force_4_1280_720,stress-tensor,0,71,223,145,16
227,a_Force_4_1280_720,is,1,249,221,15,18
228,a_Force_4_1280_720,being,0,298,221,60,24
229,a_Force_4_1280_720,calculated.,0,391,221,116,18
230,a_Force_4_1280_720,This,0,540,221,45,18
231,a_Force_4_1280_720,formalism,0,618,221,111,18
232,a_Force_4_1280_720,includes,0,764,221,89,18
233,a_Force_4_1280_720,pressure,0,888,226,95,19
234,a_Force_4_1280_720,terms,0,1016,223,64,16
235,a_Force_4_1280_720,associated,0,71,293,115,18
236,a_Force_4_1280_720,with,0,220,293,46,18
237,a_Force_4_1280_720,forces,0,299,293,67,18
238,a_Force_4_1280_720,that,0,399,293,44,18
239,a_Force_4_1280_720,act,0,476,295,32,16
240,a_Force_4_1280_720,normal,0,541,293,77,18
241,a_Force_4_1280_720,to,0,652,295,21,16
242,a_Force_4_1280_720,the,3,706,293,35,18
243,a_Force_4_1280_720,cross-sectional,1,775,293,163,18
244,a_Force_4_1280_720,area,1,972,298,47,13
245,a_Force_4_1280_720,(the,0,1053,293,42,22
246,a_Force_4_1280_720,matrix,0,1129,294,70,17
247,a_Force_4_1280_720,diagonals,0,71,365,105,24
248,a_Force_4_1280_720,of,0,209,365,23,18
249,a_Force_4_1280_720,the,4,263,365,35,18
250,a_Force_4_1280_720,tensor),0,331,366,78,21
251,a_Force_4_1280_720,as,0,442,370,23,13
252,a_Force_4_1280_720,well,0,497,365,42,18
253,a_Force_4_1280_720,as,1,573,370,23,13
254,a_Force_4_1280_720,shear,0,629,365,62,18
255,a_Force_4_1280_720,terms,1,723,367,64,16
256,a_Force_4_1280_720,associated,1,820,365,115,18
257,a_Force_4_1280_720,with,1,969,365,46,18
258,a_Force_4_1280_720,forces,1,1048,365,67,18
259,a_Force_4_1280_720,that,1,1148,365,44,18
260,a_Force_4_1280_720,act,1,71,439,32,16
261,a_Force_4_1280_720,parallel,0,136,437,80,24
262,a_Force_4_1280_720,to,1,249,439,21,16
263,a_Force_4_1280_720,the,5,304,437,35,18
264,a_Force_4_1280_720,cross-sectional,2,372,437,163,18
265,a_Force_4_1280_720,area,2,569,442,47,13
266,a_Force_4_1280_720,(the,1,650,437,42,22
267,a_Force_4_1280_720,off-diagonal,0,725,437,131,24
268,a_Force_4_1280_720,elements).,0,891,437,114,22
269,a_Force_4_1280_720,The,6,1038,437,40,18
270,a_Force_4_1280_720,stress,0,1111,439,64,16
271,a_Force_4_1280_720,tensor,0,71,511,71,16
272,a_Force_4_1280_720,accounts,0,175,511,98,16
273,a_Force_4_1280_720,for,2,306,509,31,18
274,a_Force_4_1280_720,forces,2,369,509,67,18
275,a_Force_4_1280_720,that,2,469,509,44,18
276,a_Force_4_1280_720,cause,0,546,514,62,13
277,a_Force_4_1280_720,all,0,642,509,22,18
278,a_Force_4_1280_720,strains,0,699,509,73,18
279,a_Force_4_1280_720,(deformations),0,805,509,163,22
280,a_Force_4_1280_720,including,0,1002,509,100,24
281,a_Force_4_1280_720,also,0,1135,509,42,18
282,a_Force_4_1280_720,tensile,0,71,581,72,18
283,a_Force_4_1280_720,stresses,0,176,583,89,16
284,a_Force_4_1280_720,and,0,298,581,40,18
285,a_Force_4_1280_720, compressions.:133-134:38-1-38-11,0,372,581,387,24
286,a_FrenchandIndianWar_0_1280_720,In,0,72,114,18,17
287,a_FrenchandIndianWar_0_1280_720,"Europe,",0,125,114,82,23
288,a_FrenchandIndianWar_0_1280_720,the,0,241,113,35,18
289,a_FrenchandIndianWar_0_1280_720,North,0,311,113,61,18
290,a_FrenchandIndianWar_0_1280_720,American,0,405,114,105,17
291,a_FrenchandIndianWar_0_1280_720,theater,0,544,113,80,18
292,a_FrenchandIndianWar_0_1280_720,of,0,657,113,22,18
293,a_FrenchandIndianWar_0_1280_720,the,1,710,113,35,18
294,a_FrenchandIndianWar_0_1280_720,Seven,0,779,114,64,17
295,a_FrenchandIndianWar_0_1280_720,Years',0,876,114,65,17
296,a_FrenchandIndianWar_0_1280_720,War,0,974,114,45,17
297,a_FrenchandIndianWar_0_1280_720,usually,0,1052,113,77,24
298,a_FrenchandIndianWar_0_1280_720,is,0,1162,114,14,17
299,a_FrenchandIndianWar_0_1280_720,not,0,72,187,35,16
300,a_FrenchandIndianWar_0_1280_720,given,0,139,186,57,23
301,a_FrenchandIndianWar_0_1280_720,a_,0,231,190,10,13
302,a_FrenchandIndianWar_0_1280_720,separate,0,275,187,96,22
303,a_FrenchandIndianWar_0_1280_720,name.,0,405,190,67,13
304,a_FrenchandIndianWar_0_1280_720,The,2,505,185,40,18
305,a_FrenchandIndianWar_0_1280_720,entire,0,578,186,64,17
306,a_FrenchandIndianWar_0_1280_720,international,0,677,185,140,18
307,a_FrenchandIndianWar_0_1280_720,conflict,0,851,185,79,18
308,a_FrenchandIndianWar_0_1280_720,is,1,964,185,14,18
309,a_FrenchandIndianWar_0_1280_720,known,0,1012,185,72,18
310,a_FrenchandIndianWar_0_1280_720,as_,0,1118,190,23,13
311,a_FrenchandIndianWar_0_1280_720,the,3,1174,185,35,18
312,a_FrenchandIndianWar_0_1280_720,Seven,1,71,258,64,17
313,a_FrenchandIndianWar_0_1280_720,Years',1,168,258,65,17
314,a_FrenchandIndianWar_0_1280_720,War.,1,266,258,50,17
315,a_FrenchandIndianWar_0_1280_720,"""Seven",0,351,258,72,17
316,a_FrenchandIndianWar_0_1280_720,"Years""",0,457,258,69,17
317,a_FrenchandIndianWar_0_1280_720,refers,0,561,257,63,18
318,a_FrenchandIndianWar_0_1280_720,to,0,657,259,21,16
319,a_FrenchandIndianWar_0_1280_720,events,0,711,259,72,16
320,a_FrenchandIndianWar_0_1280_720,in,1,817,257,17,18
321,a_FrenchandIndianWar_0_1280_720,"Europe,",1,869,258,83,23
322,a_FrenchandIndianWar_0_1280_720,from,0,986,257,52,18
323,a_FrenchandIndianWar_0_1280_720,_,0,1045,253,6,32
324,a_FrenchandIndianWar_0_1280_720,the,4,1072,257,35,18
325,a_FrenchandIndianWar_0_1280_720,official,0,71,329,71,18
326,a_FrenchandIndianWar_0_1280_720,declaration,0,176,329,123,18
327,a_FrenchandIndianWar_0_1280_720,of,1,333,329,22,18
328,a_FrenchandIndianWar_0_1280_720,war,2,386,334,41,13
329,a_FrenchandIndianWar_0_1280_720,in,2,461,329,17,18
330,a_FrenchandIndianWar_0_1280_720,1756,0,513,330,52,17
331,a_FrenchandIndianWar_0_1280_720,to,1,598,331,21,16
332,a_FrenchandIndianWar_0_1280_720,the,5,652,329,35,18
333,a_FrenchandIndianWar_0_1280_720,signing,0,720,329,78,24
334,a_FrenchandIndianWar_0_1280_720,of,2,831,329,22,18
335,a_FrenchandIndianWar_0_1280_720,the,6,884,329,35,18
336,a_FrenchandIndianWar_0_1280_720,peace,0,953,334,63,19
337,a_FrenchandIndianWar_0_1280_720,treaty,0,1049,331,65,22
338,a_FrenchandIndianWar_0_1280_720,in,3,1148,329,17,18
339,a_FrenchandIndianWar_0_1280_720,1763.,0,72,402,57,17
340,a_FrenchandIndianWar_0_1280_720,These,0,163,401,65,18
341,a_FrenchandIndianWar_0_1280_720,dates,0,261,401,59,18
342,a_FrenchandIndianWar_0_1280_720,do,0,354,401,26,18
343,a_FrenchandIndianWar_0_1280_720,not,1,415,403,35,16
344,a_FrenchandIndianWar_0_1280_720,correspond,0,483,401,126,24
345,a_FrenchandIndianWar_0_1280_720,with,0,643,401,45,18
346,a_FrenchandIndianWar_0_1280_720,the,7,722,401,35,18
347,a_FrenchandIndianWar_0_1280_720,fighting,0,790,401,83,24
348,a_FrenchandIndianWar_0_1280_720,on,0,906,406,26,13
349,a_FrenchandIndianWar_0_1280_720,mainland,0,967,401,102,18
350,a_FrenchandIndianWar_0_1280_720,North,1,1104,401,61,18
351,a_FrenchandIndianWar_0_1280_720,"America,",0,70,473,96,21
352,a_FrenchandIndianWar_0_1280_720,where,0,199,473,69,18
353,a_FrenchandIndianWar_0_1280_720,the,8,301,473,35,18
354,a_FrenchandIndianWar_0_1280_720,fighting,1,369,473,83,24
355,a_FrenchandIndianWar_0_1280_720,between,0,486,473,93,18
356,a_FrenchandIndianWar_0_1280_720,the,9,613,473,35,18
357,a_FrenchandIndianWar_0_1280_720,two,0,681,475,39,16
358,a_FrenchandIndianWar_0_1280_720,colonial,0,754,473,84,18
359,a_FrenchandIndianWar_0_1280_720,powers,0,873,478,79,19
360,a_FrenchandIndianWar_0_1280_720,was,0,985,478,42,13
361,a_FrenchandIndianWar_0_1280_720,_,1,1026,469,14,32
362,a_FrenchandIndianWar_0_1280_720,largely,0,1061,473,72,24
363,a_FrenchandIndianWar_0_1280_720,concluded,0,71,545,113,18
364,a_FrenchandIndianWar_0_1280_720,in,4,219,546,17,17
365,a_FrenchandIndianWar_0_1280_720,six,0,270,545,28,18
366,a_FrenchandIndianWar_0_1280_720,"years,",0,330,550,65,19
367,a_FrenchandIndianWar_0_1280_720,from,1,428,545,53,18
368,a_FrenchandIndianWar_0_1280_720,the,10,514,545,35,18
369,a_FrenchandIndianWar_0_1280_720,Battle,0,584,545,62,18
370,a_FrenchandIndianWar_0_1280_720,of,3,679,545,23,18
371,a_FrenchandIndianWar_0_1280_720,Jumonville,0,730,545,117,23
372,a_FrenchandIndianWar_0_1280_720,Glen,0,881,545,48,18
373,a_FrenchandIndianWar_0_1280_720,in,5,964,545,17,18
374,a_FrenchandIndianWar_0_1280_720,1754,0,1017,546,52,17
375,a_FrenchandIndianWar_0_1280_720,to,2,1101,547,21,16
376,a_FrenchandIndianWar_0_1280_720,the,11,1155,545,35,18
377,a_FrenchandIndianWar_0_1280_720,capture,0,71,619,84,22
378,a_FrenchandIndianWar_0_1280_720,of,4,188,617,23,18
379,a_FrenchandIndianWar_0_1280_720,Montreal,0,243,617,98,18
380,a_FrenchandIndianWar_0_1280_720,in,6,376,617,17,18
381,a_FrenchandIndianWar_0_1280_720,1760.,0,429,618,57,17
382,a_FresnoCalifornia_0_1280_720,The,0,70,113,40,18
383,a_FresnoCalifornia_0_1280_720,"""West",0,144,114,63,17
384,a_FresnoCalifornia_0_1280_720,"Side""",0,240,113,55,18
385,a_FresnoCalifornia_0_1280_720,of,0,328,113,23,18
386,a_FresnoCalifornia_0_1280_720,"Fresno,",0,383,114,79,20
387,a_FresnoCalifornia_0_1280_720,also,0,496,113,43,18
388,a_FresnoCalifornia_0_1280_720,often,0,572,113,57,18
389,a_FresnoCalifornia_0_1280_720,called,0,663,113,62,18
390,a_FresnoCalifornia_0_1280_720,"""Southwest",0,760,113,125,18
391,a_FresnoCalifornia_0_1280_720,"Fresno"",",0,919,114,88,20
392,a_FresnoCalifornia_0_1280_720,is,0,1042,113,14,18
393,a_FresnoCalifornia_0_1280_720,one,0,1090,118,40,13
394,a_FresnoCalifornia_0_1280_720,of,1,1164,113,22,18
395,a_FresnoCalifornia_0_1280_720,the,1,71,185,35,18
396,a_FresnoCalifornia_0_1280_720,oldest,0,139,185,67,18
397,a_FresnoCalifornia_0_1280_720,neighborhoods,0,240,185,167,24
398,a_FresnoCalifornia_0_1280_720,in,0,442,185,17,18
399,a_FresnoCalifornia_0_1280_720,the,2,492,185,35,18
400,a_FresnoCalifornia_0_1280_720,city.,0,561,185,42,24
401,a_FresnoCalifornia_0_1280_720,The,3,636,185,40,18
402,a_FresnoCalifornia_0_1280_720,neighborhood,0,710,185,155,24
403,a_FresnoCalifornia_0_1280_720,lies,0,900,185,35,18
404,a_FresnoCalifornia_0_1280_720,southwest,0,968,185,114,18
405,a_FresnoCalifornia_0_1280_720,of,2,1115,185,22,18
406,a_FresnoCalifornia_0_1280_720,the,4,1168,185,35,18
407,a_FresnoCalifornia_0_1280_720,99,0,71,258,25,17
408,a_FresnoCalifornia_0_1280_720,freeway,0,129,257,88,24
409,a_FresnoCalifornia_0_1280_720,(which,0,250,257,70,22
410,a_FresnoCalifornia_0_1280_720,divides,0,354,257,76,18
411,a_FresnoCalifornia_0_1280_720,it,0,464,257,12,18
412,a_FresnoCalifornia_0_1280_720,from,0,509,257,52,18
413,a_FresnoCalifornia_0_1280_720,Downtown,0,596,258,117,17
414,a_FresnoCalifornia_0_1280_720,"Fresno),",0,749,258,85,21
415,a_FresnoCalifornia_0_1280_720,west,0,868,259,51,16
416,a_FresnoCalifornia_0_1280_720,of,3,952,257,22,18
417,a_FresnoCalifornia_0_1280_720,the,5,1005,257,35,18
418,a_FresnoCalifornia_0_1280_720,41,0,1073,258,22,17
419,a_FresnoCalifornia_0_1280_720,freeway,1,71,329,88,24
420,a_FresnoCalifornia_0_1280_720,and,0,191,329,40,18
421,a_FresnoCalifornia_0_1280_720,south,0,265,329,61,18
422,a_FresnoCalifornia_0_1280_720,of,4,360,329,22,18
423,a_FresnoCalifornia_0_1280_720,Nielsen,0,415,329,79,18
424,a_FresnoCalifornia_0_1280_720,Ave,0,527,330,40,17
425,a_FresnoCalifornia_0_1280_720,(or,0,600,330,30,21
426,a_FresnoCalifornia_0_1280_720,the,6,662,329,35,18
427,a_FresnoCalifornia_0_1280_720,newly,0,732,329,63,24
428,a_FresnoCalifornia_0_1280_720,constructed,0,827,329,130,18
429,a_FresnoCalifornia_0_1280_720,180,0,993,330,38,17
430,a_FresnoCalifornia_0_1280_720,"Freeway),",0,1065,330,102,23
431,a_FresnoCalifornia_0_1280_720,and,1,71,401,40,18
432,a_FresnoCalifornia_0_1280_720,extends,0,145,401,87,18
433,a_FresnoCalifornia_0_1280_720,to,0,265,403,21,16
434,a_FresnoCalifornia_0_1280_720,the,7,319,401,35,18
435,a_FresnoCalifornia_0_1280_720,city,1,387,401,37,24
436,a_FresnoCalifornia_0_1280_720,limits,0,458,401,57,18
437,a_FresnoCalifornia_0_1280_720,to,1,548,403,21,16
438,a_FresnoCalifornia_0_1280_720,the,8,602,401,35,18
439,a_FresnoCalifornia_0_1280_720,west,1,670,403,51,16
440,a_FresnoCalifornia_0_1280_720,and,2,754,401,40,18
441,a_FresnoCalifornia_0_1280_720,south.,1,828,401,67,18
442,a_FresnoCalifornia_0_1280_720,The,9,928,401,40,18
443,a_FresnoCalifornia_0_1280_720,neighborhood,1,1003,401,155,24
444,a_FresnoCalifornia_0_1280_720,is,1,1193,401,15,18
445,a_FresnoCalifornia_0_1280_720,traditionally,0,71,473,133,24
446,a_FresnoCalifornia_0_1280_720,considered,0,236,473,121,18
447,a_FresnoCalifornia_0_1280_720,to,2,391,475,21,16
448,a_FresnoCalifornia_0_1280_720,be,0,447,473,25,18
449,a_FresnoCalifornia_0_1280_720,the,10,505,473,35,18
450,a_FresnoCalifornia_0_1280_720,center,0,573,475,70,16
451,a_FresnoCalifornia_0_1280_720,of,5,676,473,22,18
452,a_FresnoCalifornia_0_1280_720,Fresno's,0,731,474,89,17
453,a_FresnoCalifornia_0_1280_720,African-American,0,853,473,191,18
454,a_FresnoCalifornia_0_1280_720,community.,0,1078,473,130,24
455,a_FresnoCalifornia_0_1280_720,It,1,72,546,13,17
456,a_FresnoCalifornia_0_1280_720,is,2,118,545,15,18
457,a_FresnoCalifornia_0_1280_720,culturally,0,166,545,102,24
458,a_FresnoCalifornia_0_1280_720,diverse,0,300,545,79,18
459,a_FresnoCalifornia_0_1280_720,and,3,413,545,39,18
460,a_FresnoCalifornia_0_1280_720,also,1,487,545,42,18
461,a_FresnoCalifornia_0_1280_720,includes,0,564,545,90,18
462,a_FresnoCalifornia_0_1280_720,significant,0,687,545,112,24
463,a_FresnoCalifornia_0_1280_720,Mexican-American,0,833,545,203,18
464,a_FresnoCalifornia_0_1280_720,and,4,1070,545,40,18
465,a_FresnoCalifornia_0_1280_720,Asian-American,0,70,617,173,18
466,a_FresnoCalifornia_0_1280_720,(principally,0,277,617,121,24
467,a_FresnoCalifornia_0_1280_720,Hmong,0,431,618,80,23
468,a_FresnoCalifornia_0_1280_720,or,0,544,622,22,13
469,a_FresnoCalifornia_0_1280_720,Laotian),0,600,618,87,21
470,a_FresnoCalifornia_0_1280_720,populations.,0,721,617,136,24
471,a_Kenya_1_1280_720,On,0,71,78,31,17
472,a_Kenya_1_1280_720,28,0,136,78,25,17
473,a_Kenya_1_1280_720,February,0,195,77,98,24
474,a_Kenya_1_1280_720,"2008,",0,326,78,58,20
475,a_Kenya_1_1280_720,Kibaki,0,419,77,64,18
476,a_Kenya_1_1280_720,and,0,517,77,40,18
477,a_Kenya_1_1280_720,Odinga,0,591,77,78,24
478,a_Kenya_1_1280_720,signed,0,703,77,70,24
479,a_Kenya_1_1280_720,an,0,807,82,25,13
480,a_Kenya_1_1280_720,agreement,0,867,79,120,22
481,a_Kenya_1_1280_720,on_,0,1020,82,26,13
482,a_Kenya_1_1280_720,the,0,1080,77,35,18
483,a_Kenya_1_1280_720,formation,0,71,149,109,18
484,a_Kenya_1_1280_720,of,0,214,149,22,18
485,a_Kenya_1_1280_720,a,0,268,154,10,13
486,a_Kenya_1_1280_720,coalition,0,312,149,92,18
487,a_Kenya_1_1280_720,government,0,438,151,136,22
488,a_Kenya_1_1280_720,in,0,607,149,17,18
489,a_Kenya_1_1280_720,which,0,658,149,63,18
490,a_Kenya_1_1280_720,Odinga,1,755,149,78,24
491,a_Kenya_1_1280_720,would,0,866,149,67,18
492,a_Kenya_1_1280_720,become,0,967,149,87,18
493,a_Kenya_1_1280_720,Kenya's,0,1089,150,81,23
494,a_Kenya_1_1280_720,second,0,71,221,77,18
495,a_Kenya_1_1280_720,Prime,0,184,221,62,18
496,a_Kenya_1_1280_720,Minister.,0,281,221,94,18
497,a_Kenya_1_1280_720,Under,0,410,221,68,18
498,a_Kenya_1_1280_720,the,1,510,221,35,18
499,a_Kenya_1_1280_720,"deal,",0,579,221,50,21
500,a_Kenya_1_1280_720,the,2,663,221,35,18
501,a_Kenya_1_1280_720,president,0,732,221,105,24
502,a_Kenya_1_1280_720,would,1,869,221,66,18
503,a_Kenya_1_1280_720,appoint,0,969,221,85,24
504,a_Kenya_1_1280_720,cabinet,0,1087,221,81,18
505,a_Kenya_1_1280_720,ministers,0,72,293,101,18
506,a_Kenya_1_1280_720,from,0,206,293,52,18
507,a_Kenya_1_1280_720,both,0,293,293,48,18
508,a_Kenya_1_1280_720,PNU,0,377,294,45,17
509,a_Kenya_1_1280_720,and,1,457,293,40,18
510,a_Kenya_1_1280_720,ODM,0,531,294,54,17
511,a_Kenya_1_1280_720,camps,0,620,298,71,19
512,a_Kenya_1_1280_720,depending,0,724,293,118,24
513,a_Kenya_1_1280_720,on,1,875,298,26,13
514,a_Kenya_1_1280_720,_,0,908,289,3,32
515,a_Kenya_1_1280_720,each,0,935,293,50,18
516,a_Kenya_1_1280_720,party's,0,1020,294,72,23
517,a_Kenya_1_1280_720,strength,0,71,365,91,24
518,a_Kenya_1_1280_720,in,1,197,365,17,18
519,a_Kenya_1_1280_720,Parliament.,0,250,365,124,18
520,a_Kenya_1_1280_720,The,3,407,365,40,18
521,a_Kenya_1_1280_720,agreement,1,481,367,120,22
522,a_Kenya_1_1280_720,stipulated,0,634,365,109,24
523,a_Kenya_1_1280_720,that,0,777,365,44,18
524,a_Kenya_1_1280_720,the,4,853,365,35,18
525,a_Kenya_1_1280_720,cabinet,1,921,365,81,18
526,a_Kenya_1_1280_720,would,2,1034,365,67,18
527,a_Kenya_1_1280_720,include,0,72,437,78,18
528,a_Kenya_1_1280_720,a_,0,184,442,10,13
529,a_Kenya_1_1280_720,vice-president,0,227,437,157,24
530,a_Kenya_1_1280_720,and,2,417,437,40,18
531,a_Kenya_1_1280_720,two,0,491,439,39,16
532,a_Kenya_1_1280_720,deputy,0,564,437,77,24
533,a_Kenya_1_1280_720,Prime,1,674,437,63,18
534,a_Kenya_1_1280_720,Ministers.,1,771,437,106,18
535,a_Kenya_1_1280_720,After,0,910,437,55,18
536,a_Kenya_1_1280_720,"debates,",0,997,437,93,21
537,a_Kenya_1_1280_720,it,0,1125,437,13,18
538,a_Kenya_1_1280_720,was,0,70,514,42,13
539,a_Kenya_1_1280_720,passed,0,146,509,76,24
540,a_Kenya_1_1280_720,by,0,257,509,24,24
541,a_Kenya_1_1280_720,"Parliament,",1,315,509,124,21
542,a_Kenya_1_1280_720,the,5,473,509,35,18
543,a_Kenya_1_1280_720,coalition,1,541,509,93,18
544,a_Kenya_1_1280_720,would,3,667,509,66,18
545,a_Kenya_1_1280_720,hold,0,768,509,46,18
546,a_Kenya_1_1280_720,until,0,849,509,47,18
547,a_Kenya_1_1280_720,the,6,930,509,35,18
548,a_Kenya_1_1280_720,end,0,998,509,40,18
549,a_Kenya_1_1280_720,of,1,1072,509,22,18
550,a_Kenya_1_1280_720,the,7,1125,509,35,18
551,a_Kenya_1_1280_720,current,0,71,583,81,16
552,a_Kenya_1_1280_720,Parliament,2,186,581,119,18
553,a_Kenya_1_1280_720,or,0,338,586,23,13
554,a_Kenya_1_1280_720,if,0,394,581,14,18
555,a_Kenya_1_1280_720,either,0,439,581,65,18
556,a_Kenya_1_1280_720,of,2,536,581,23,18
557,a_Kenya_1_1280_720,the,8,590,581,35,18
558,a_Kenya_1_1280_720,parties,0,659,581,74,24
559,a_Kenya_1_1280_720,withdraws,0,766,581,114,18
560,a_Kenya_1_1280_720,from,1,913,581,52,18
561,a_Kenya_1_1280_720,the,9,999,581,35,18
562,a_Kenya_1_1280_720,deal,1,1068,581,44,18
563,a_Kenya_1_1280_720,before,0,72,653,71,18
564,a_Kenya_1_1280_720,then.,0,176,653,55,18
565,a_ScottishParliament_1_1280_720,Much,0,72,77,59,18
566,a_ScottishParliament_1_1280_720,of,0,165,77,22,18
567,a_ScottishParliament_1_1280_720,the,0,218,77,35,18
568,a_ScottishParliament_1_1280_720,work,0,286,77,54,18
569,a_ScottishParliament_1_1280_720,of,1,373,77,22,18
570,a_ScottishParliament_1_1280_720,the,1,427,77,35,18
571,a_ScottishParliament_1_1280_720,Scottish,0,495,77,85,18
572,a_ScottishParliament_1_1280_720,Parliament,0,616,77,119,18
573,a_ScottishParliament_1_1280_720,is,0,769,77,14,18
574,a_ScottishParliament_1_1280_720,done,0,817,77,55,18
575,a_ScottishParliament_1_1280_720,in,0,906,78,17,17
576,a_ScottishParliament_1_1280_720,committee.,0,957,77,124,18
577,a_ScottishParliament_1_1280_720,The,2,1114,77,40,18
578,a_ScottishParliament_1_1280_720,role,0,72,149,41,18
579,a_ScottishParliament_1_1280_720,of,2,146,149,22,18
580,a_ScottishParliament_1_1280_720,committees,0,200,149,130,18
581,a_ScottishParliament_1_1280_720,is,1,364,150,14,17
582,a_ScottishParliament_1_1280_720,stronger,0,412,151,94,22
583,a_ScottishParliament_1_1280_720,in,1,539,149,17,18
584,a_ScottishParliament_1_1280_720,the,3,590,149,35,18
585,a_ScottishParliament_1_1280_720,Scottish,1,658,149,86,18
586,a_ScottishParliament_1_1280_720,Parliament,1,779,149,119,18
587,a_ScottishParliament_1_1280_720,than,0,931,149,49,18
588,a_ScottishParliament_1_1280_720,in,2,1015,149,17,18
589,a_ScottishParliament_1_1280_720,other,0,1066,149,59,18
590,a_ScottishParliament_1_1280_720,parliamentary,0,72,221,155,24
591,a_ScottishParliament_1_1280_720,"systems,",0,260,223,94,22
592,a_ScottishParliament_1_1280_720,partly,0,389,221,62,24
593,a_ScottishParliament_1_1280_720,as,0,484,226,22,13
594,a_ScottishParliament_1_1280_720,a,0,540,226,10,13
595,a_ScottishParliament_1_1280_720,means,0,585,226,72,13
596,a_ScottishParliament_1_1280_720,of,3,690,221,23,18
597,a_ScottishParliament_1_1280_720,strengthening,0,744,221,155,24
598,a_ScottishParliament_1_1280_720,the,4,931,221,35,18
599,a_ScottishParliament_1_1280_720,role,1,1001,221,40,18
600,a_ScottishParliament_1_1280_720,of,4,1075,221,22,18
601,a_ScottishParliament_1_1280_720,backbenchers,0,72,293,153,18
602,a_ScottishParliament_1_1280_720,in,3,259,293,17,18
603,a_ScottishParliament_1_1280_720,their,0,310,293,51,18
604,a_ScottishParliament_1_1280_720,scrutiny,0,394,294,88,23
605,a_ScottishParliament_1_1280_720,of,5,514,293,22,18
606,a_ScottishParliament_1_1280_720,the,5,567,293,36,18
607,a_ScottishParliament_1_1280_720,government,0,635,295,136,22
608,a_ScottishParliament_1_1280_720,and,0,804,293,39,18
609,a_ScottishParliament_1_1280_720,partly,1,878,293,63,24
610,a_ScottishParliament_1_1280_720,to,0,973,295,21,16
611,a_ScottishParliament_1_1280_720,compensate,0,1028,295,135,22
612,a_ScottishParliament_1_1280_720,for,0,71,365,31,18
613,a_ScottishParliament_1_1280_720,the,6,134,365,35,18
614,a_ScottishParliament_1_1280_720,fact,0,202,365,41,18
615,a_ScottishParliament_1_1280_720,that,0,275,365,44,18
616,a_ScottishParliament_1_1280_720,there,0,351,365,59,18
617,a_ScottishParliament_1_1280_720,is,2,444,366,14,17
618,a_ScottishParliament_1_1280_720,no,0,492,370,26,13
619,a_ScottishParliament_1_1280_720,revising,0,553,365,84,24
620,a_ScottishParliament_1_1280_720,chamber.,0,670,365,103,18
621,a_ScottishParliament_1_1280_720,The,7,806,365,40,18
622,a_ScottishParliament_1_1280_720,principal,0,881,365,93,24
623,a_ScottishParliament_1_1280_720,role,2,1009,365,41,18
624,a_ScottishParliament_1_1280_720,of,6,1083,365,22,18
625,a_ScottishParliament_1_1280_720,committees,1,71,437,130,18
626,a_ScottishParliament_1_1280_720,in,4,235,437,17,18
627,a_ScottishParliament_1_1280_720,the,8,286,437,35,18
628,a_ScottishParliament_1_1280_720,Scottish,2,354,437,86,18
629,a_ScottishParliament_1_1280_720,Parliament,2,475,437,119,18
630,a_ScottishParliament_1_1280_720,is,3,628,438,15,17
631,a_ScottishParliament_1_1280_720,to,1,675,439,21,16
632,a_ScottishParliament_1_1280_720,take,0,730,437,46,18
633,a_ScottishParliament_1_1280_720,evidence,0,809,437,98,18
634,a_ScottishParliament_1_1280_720,from,0,939,437,53,18
635,a_ScottishParliament_1_1280_720,_,0,997,433,8,29
636,a_ScottishParliament_1_1280_720,"witnesses,",0,1025,437,113,21
637,a_ScottishParliament_1_1280_720,conduct,0,71,509,89,18
638,a_ScottishParliament_1_1280_720,inquiries,0,193,509,94,24
639,a_ScottishParliament_1_1280_720,and_,0,321,509,40,18
640,a_ScottishParliament_1_1280_720,scrutinise,0,395,509,105,18
641,a_ScottishParliament_1_1280_720,legislation.,0,534,509,116,24
642,a_ScottishParliament_1_1280_720,Committee,1,685,509,121,18
643,a_ScottishParliament_1_1280_720,meetings,0,841,509,100,24
644,a_ScottishParliament_1_1280_720,take,1,974,509,46,18
645,a_ScottishParliament_1_1280_720,place,0,1054,509,56,24
646,a_ScottishParliament_1_1280_720,on,0,1144,514,26,13
647,a_ScottishParliament_1_1280_720,"Tuesday,",0,70,581,97,24
648,a_ScottishParliament_1_1280_720,Wednesday,0,201,581,129,24
649,a_ScottishParliament_1_1280_720,and,1,363,581,39,18
650,a_ScottishParliament_1_1280_720,Thursday,0,436,581,103,24
651,a_ScottishParliament_1_1280_720,morning,0,573,582,92,23
652,a_ScottishParliament_1_1280_720,when,0,697,581,60,18
653,a_ScottishParliament_1_1280_720,Parliament,3,792,581,119,18
654,a_ScottishParliament_1_1280_720,is,4,945,582,14,17
655,a_ScottishParliament_1_1280_720,_,1,964,577,9,32
656,a_ScottishParliament_1_1280_720,sitting.,0,993,581,72,24
657,a_ScottishParliament_1_1280_720,Committees,2,71,654,133,17
658,a_ScottishParliament_1_1280_720,can,0,238,658,36,13
659,a_ScottishParliament_1_1280_720,also,0,309,653,43,18
660,a_ScottishParliament_1_1280_720,meet,0,386,655,55,16
661,a_ScottishParliament_1_1280_720,at,0,474,655,20,16
662,a_ScottishParliament_1_1280_720,other,1,527,653,60,18
663,a_ScottishParliament_1_1280_720,locations,0,620,653,98,18
664,a_ScottishParliament_1_1280_720,throughout,0,751,653,126,24
665,a_ScottishParliament_1_1280_720,Scotland.,0,910,653,100,18
666,a_SkyUnitedKingdom_0_1280_720,BSkyB's,0,72,113,82,24
667,a_SkyUnitedKingdom_0_1280_720,standard,0,188,113,97,18
668,a_SkyUnitedKingdom_0_1280_720,definition,0,320,113,104,18
669,a_SkyUnitedKingdom_0_1280_720,broadcasts,0,458,113,121,18
670,a_SkyUnitedKingdom_0_1280_720,are,0,612,118,35,13
671,a_SkyUnitedKingdom_0_1280_720,in,0,681,114,17,17
672,a_SkyUnitedKingdom_0_1280_720,DVB-compliant,0,733,113,164,24
673,a_SkyUnitedKingdom_0_1280_720,"MPEG-2,",0,931,114,90,20
674,a_SkyUnitedKingdom_0_1280_720,with,0,1055,113,45,18
675,a_SkyUnitedKingdom_0_1280_720,the,0,1134,113,35,18
676,a_SkyUnitedKingdom_0_1280_720,Sky,0,71,185,37,24
677,a_SkyUnitedKingdom_0_1280_720,Movies,0,141,186,76,17
678,a_SkyUnitedKingdom_0_1280_720,and,0,250,185,40,18
679,a_SkyUnitedKingdom_0_1280_720,Sky,1,324,185,37,24
680,a_SkyUnitedKingdom_0_1280_720,Box,0,394,186,40,17
681,a_SkyUnitedKingdom_0_1280_720,Office,0,467,185,64,18
682,a_SkyUnitedKingdom_0_1280_720,channels,0,564,185,98,18
683,a_SkyUnitedKingdom_0_1280_720,including,0,696,185,99,24
684,a_SkyUnitedKingdom_0_1280_720,optional,0,828,185,89,24
685,a_SkyUnitedKingdom_0_1280_720,Dolby,0,953,185,62,24
686,a_SkyUnitedKingdom_0_1280_720,Digital,0,1049,185,66,24
687,a_SkyUnitedKingdom_0_1280_720,soundtracks,0,71,257,135,18
688,a_SkyUnitedKingdom_0_1280_720,for,0,239,257,31,18
689,a_SkyUnitedKingdom_0_1280_720,recent,0,304,259,69,16
690,a_SkyUnitedKingdom_0_1280_720,"films,",0,405,257,58,21
691,a_SkyUnitedKingdom_0_1280_720,although,0,497,257,97,24
692,a_SkyUnitedKingdom_0_1280_720,these,0,628,257,59,18
693,a_SkyUnitedKingdom_0_1280_720,are,1,721,262,34,13
694,a_SkyUnitedKingdom_0_1280_720,only,0,789,257,46,24
695,a_SkyUnitedKingdom_0_1280_720,accessible,0,867,257,111,18
696,a_SkyUnitedKingdom_0_1280_720,with,1,1011,257,45,18
697,a_SkyUnitedKingdom_0_1280_720,a,0,1091,262,10,13
698,a_SkyUnitedKingdom_0_1280_720,Sky+,0,1135,257,50,24
699,a_SkyUnitedKingdom_0_1280_720,box.,1,72,329,44,18
700,a_SkyUnitedKingdom_0_1280_720,Sky+,1,150,329,50,24
701,a_SkyUnitedKingdom_0_1280_720,HD,0,234,330,32,17
702,a_SkyUnitedKingdom_0_1280_720,material,0,300,329,89,18
703,a_SkyUnitedKingdom_0_1280_720,is,0,424,329,15,18
704,a_SkyUnitedKingdom_0_1280_720,broadcast,0,473,329,109,18
705,a_SkyUnitedKingdom_0_1280_720,using,0,616,329,58,24
706,a_SkyUnitedKingdom_0_1280_720,MPEG-4,0,707,330,86,17
707,a_SkyUnitedKingdom_0_1280_720,and,1,826,329,40,18
708,a_SkyUnitedKingdom_0_1280_720,most,0,901,331,54,16
709,a_SkyUnitedKingdom_0_1280_720,of,0,988,329,22,18
710,a_SkyUnitedKingdom_0_1280_720,the,1,1041,329,35,18
711,a_SkyUnitedKingdom_0_1280_720,HD,1,1110,330,32,17
712,a_SkyUnitedKingdom_0_1280_720,material,1,72,401,89,18
713,a_SkyUnitedKingdom_0_1280_720,uses,0,196,406,48,13
714,a_SkyUnitedKingdom_0_1280_720,the,2,277,401,35,18
715,a_SkyUnitedKingdom_0_1280_720,DVB-S2_,0,347,402,78,17
716,a_SkyUnitedKingdom_0_1280_720,standard.,1,459,401,104,18
717,a_SkyUnitedKingdom_0_1280_720,Interactive,0,598,401,115,18
718,a_SkyUnitedKingdom_0_1280_720,services,0,746,401,87,18
719,a_SkyUnitedKingdom_0_1280_720,and,2,867,401,39,18
720,a_SkyUnitedKingdom_0_1280_720,7-day,0,940,401,61,24
721,a_SkyUnitedKingdom_0_1280_720,EPG,0,1034,402,42,17
722,a_SkyUnitedKingdom_0_1280_720,use,0,1110,406,37,13
723,a_SkyUnitedKingdom_0_1280_720,the,3,71,473,35,18
724,a_SkyUnitedKingdom_0_1280_720,proprietary,0,140,473,125,24
725,a_SkyUnitedKingdom_0_1280_720,OpenTV,0,297,474,88,23
726,a_SkyUnitedKingdom_0_1280_720,"system,",0,417,475,83,22
727,a_SkyUnitedKingdom_0_1280_720,with,2,533,473,46,18
728,a_SkyUnitedKingdom_0_1280_720,set-top,0,613,475,77,22
729,a_SkyUnitedKingdom_0_1280_720,boxes,0,724,473,64,18
730,a_SkyUnitedKingdom_0_1280_720,including,1,822,473,99,24
731,a_SkyUnitedKingdom_0_1280_720,modems,0,955,473,95,18
732,a_SkyUnitedKingdom_0_1280_720,for,1,1083,473,31,18
733,a_SkyUnitedKingdom_0_1280_720,a,1,1147,478,11,13
734,a_SkyUnitedKingdom_0_1280_720,return,0,72,547,67,16
735,a_SkyUnitedKingdom_0_1280_720,path.,0,174,545,54,24
736,a_SkyUnitedKingdom_0_1280_720,Sky,2,262,545,37,24
737,a_SkyUnitedKingdom_0_1280_720,"News,",0,332,546,64,20
738,a_SkyUnitedKingdom_0_1280_720,amongst,0,430,547,97,22
739,a_SkyUnitedKingdom_0_1280_720,other,0,559,545,60,18
740,a_SkyUnitedKingdom_0_1280_720,"channels,",1,652,545,103,21
741,a_SkyUnitedKingdom_0_1280_720,provides,0,790,545,93,24
742,a_SkyUnitedKingdom_0_1280_720,a,2,917,550,10,13
743,a_SkyUnitedKingdom_0_1280_720,pseudo-video,0,962,545,149,24
744,a_SkyUnitedKingdom_0_1280_720,on,0,1144,550,27,13
745,a_SkyUnitedKingdom_0_1280_720,demand,0,71,617,90,18
746,a_SkyUnitedKingdom_0_1280_720,interactive,1,196,617,115,18
747,a_SkyUnitedKingdom_0_1280_720,service,0,344,617,76,18
748,a_SkyUnitedKingdom_0_1280_720,by,0,454,617,25,24
749,a_SkyUnitedKingdom_0_1280_720,broadcasting,0,512,617,143,24
750,a_SkyUnitedKingdom_0_1280_720,looping,0,689,617,81,24
751,a_SkyUnitedKingdom_0_1280_720,video,0,802,617,59,18
752,a_SkyUnitedKingdom_0_1280_720,streams.,0,895,619,93,16
753,a_SkyUnitedKingdom_0_qa_3_1280_720,What,0,20,48,58,18
754,a_SkyUnitedKingdom_0_qa_3_1280_720,is,0,112,49,14,17
755,a_SkyUnitedKingdom_0_qa_3_1280_720,the,0,159,48,35,18
756,a_SkyUnitedKingdom_0_qa_3_1280_720,proprietary,0,228,49,125,23
757,a_SkyUnitedKingdom_0_qa_3_1280_720,system,0,386,50,76,22
758,a_SkyUnitedKingdom_0_qa_3_1280_720,that,0,495,48,45,18
759,a_SkyUnitedKingdom_0_qa_3_1280_720,Sky+HD,0,572,48,85,24
760,a_SkyUnitedKingdom_0_qa_3_1280_720,uses?,0,691,49,59,17
761,a_VictoriaAustralia_2_1280_720,"Historically,",0,72,113,125,24
762,a_VictoriaAustralia_2_1280_720,Victoria,0,231,113,82,18
763,a_VictoriaAustralia_2_1280_720,has,0,348,113,36,18
764,a_VictoriaAustralia_2_1280_720,been,0,418,113,53,18
765,a_VictoriaAustralia_2_1280_720,the,0,505,113,35,18
766,a_VictoriaAustralia_2_1280_720,base,0,574,113,50,18
767,a_VictoriaAustralia_2_1280_720,for,0,657,113,31,18
768,a_VictoriaAustralia_2_1280_720,the,1,720,113,35,18
769,a_VictoriaAustralia_2_1280_720,manufacturing,0,790,113,162,24
770,a_VictoriaAustralia_2_1280_720,plants,0,986,113,66,24
771,a_VictoriaAustralia_2_1280_720,of,0,1085,113,22,18
772,a_VictoriaAustralia_2_1280_720,the,2,1138,113,35,18
773,a_VictoriaAustralia_2_1280_720,major,0,72,185,63,24
774,a_VictoriaAustralia_2_1280_720,car,0,168,190,33,13
775,a_VictoriaAustralia_2_1280_720,brands,0,235,185,76,18
776,a_VictoriaAustralia_2_1280_720,"Ford,",0,345,185,54,21
777,a_VictoriaAustralia_2_1280_720,Toyota,0,432,186,74,23
778,a_VictoriaAustralia_2_1280_720,and,0,540,185,40,18
779,a_VictoriaAustralia_2_1280_720,Holden;,0,615,185,84,21
780,a_VictoriaAustralia_2_1280_720,"however,",0,733,185,99,21
781,a_VictoriaAustralia_2_1280_720,closure,0,867,185,79,18
782,a_VictoriaAustralia_2_1280_720,announcements,0,979,187,180,16
783,a_VictoriaAustralia_2_1280_720,by,0,72,257,25,24
784,a_VictoriaAustralia_2_1280_720,all,0,129,257,22,18
785,a_VictoriaAustralia_2_1280_720,three,0,185,257,59,18
786,a_VictoriaAustralia_2_1280_720,companies,0,277,257,120,24
787,a_VictoriaAustralia_2_1280_720,in,0,431,258,17,17
788,a_VictoriaAustralia_2_1280_720,the,3,482,257,35,18
789,a_VictoriaAustralia_2_1280_720,21st,0,550,258,46,17
790,a_VictoriaAustralia_2_1280_720,century,0,629,259,83,22
791,a_VictoriaAustralia_2_1280_720,will,0,744,257,35,18
792,a_VictoriaAustralia_2_1280_720,mean,0,814,262,60,13
793,a_VictoriaAustralia_2_1280_720,that,0,907,257,44,18
794,a_VictoriaAustralia_2_1280_720,Australia,0,983,257,97,18
795,a_VictoriaAustralia_2_1280_720,will,1,1113,257,35,18
796,a_VictoriaAustralia_2_1280_720,no,0,72,334,26,13
797,a_VictoriaAustralia_2_1280_720,longer,0,132,329,69,24
798,a_VictoriaAustralia_2_1280_720,be,0,235,329,25,18
799,a_VictoriaAustralia_2_1280_720,a,0,294,334,10,13
800,a_VictoriaAustralia_2_1280_720,base,1,339,329,50,18
801,a_VictoriaAustralia_2_1280_720,for,1,422,329,31,18
802,a_VictoriaAustralia_2_1280_720,the,4,485,329,35,18
803,a_VictoriaAustralia_2_1280_720,global,0,553,329,66,24
804,a_VictoriaAustralia_2_1280_720,car,1,653,334,33,13
805,a_VictoriaAustralia_2_1280_720,"industry,",0,719,329,95,24
806,a_VictoriaAustralia_2_1280_720,with,0,847,329,46,18
807,a_VictoriaAustralia_2_1280_720,Toyota's,0,926,330,92,23
808,a_VictoriaAustralia_2_1280_720,statement,0,1051,331,113,16
809,a_VictoriaAustralia_2_1280_720,in,1,72,402,17,17
810,a_VictoriaAustralia_2_1280_720,February,0,124,401,98,24
811,a_VictoriaAustralia_2_1280_720,2014,0,255,402,53,17
812,a_VictoriaAustralia_2_1280_720,outlining,0,341,401,97,24
813,a_VictoriaAustralia_2_1280_720,a,1,470,406,11,13
814,a_VictoriaAustralia_2_1280_720,closure,1,515,401,79,18
815,a_VictoriaAustralia_2_1280_720,year,0,627,406,48,19
816,a_VictoriaAustralia_2_1280_720,of,1,707,401,23,18
817,a_VictoriaAustralia_2_1280_720,2017.,0,761,402,59,17
818,a_VictoriaAustralia_2_1280_720,Holden's,0,855,401,94,18
819,a_VictoriaAustralia_2_1280_720,announcement,0,983,403,169,16
820,a_VictoriaAustralia_2_1280_720,occurred,0,71,473,97,18
821,a_VictoriaAustralia_2_1280_720,in,2,203,473,17,18
822,a_VictoriaAustralia_2_1280_720,May,0,255,474,45,23
823,a_VictoriaAustralia_2_1280_720,"2013,",0,332,474,59,20
824,a_VictoriaAustralia_2_1280_720,followed,0,424,473,94,18
825,a_VictoriaAustralia_2_1280_720,by,1,553,473,24,24
826,a_VictoriaAustralia_2_1280_720,Ford's,0,611,473,65,18
827,a_VictoriaAustralia_2_1280_720,decision,0,709,473,89,18
828,a_VictoriaAustralia_2_1280_720,in,3,833,473,17,18
829,a_VictoriaAustralia_2_1280_720,December,0,886,473,113,18
830,a_VictoriaAustralia_2_1280_720,of,2,1032,473,22,18
831,a_VictoriaAustralia_2_1280_720,the,5,1085,473,35,18
832,a_VictoriaAustralia_2_1280_720,same,0,71,550,58,13
833,a_VictoriaAustralia_2_1280_720,year,1,162,550,48,19
834,a_VictoriaAustralia_2_1280_720,(Ford's,0,242,545,74,22
835,a_VictoriaAustralia_2_1280_720,Victorian,0,348,545,97,18
836,a_VictoriaAustralia_2_1280_720,plants—in,0,480,545,110,24
837,a_VictoriaAustralia_2_1280_720,Broadmeadows,0,625,545,173,18
838,a_VictoriaAustralia_2_1280_720,and_,0,831,545,40,18
839,a_VictoriaAustralia_2_1280_720,Geelong—will,0,905,545,150,24
840,a_VictoriaAustralia_2_1280_720,close,0,1090,545,54,18
841,a_VictoriaAustralia_2_1280_720,in,4,1179,545,17,18
842,a_VictoriaAustralia_2_1280_720,October,0,71,617,90,18
843,a_VictoriaAustralia_2_1280_720,2016).,0,193,618,66,21
844,a_VictoriaAustralia_2_qa_2_1280_720,When,0,20,48,63,18
845,a_VictoriaAustralia_2_qa_2_1280_720,did,0,117,48,32,18
846,a_VictoriaAustralia_2_qa_2_1280_720,Holden,0,185,48,77,18
847,a_VictoriaAustralia_2_qa_2_1280_720,announce,0,296,53,109,13
848,a_VictoriaAustralia_2_qa_2_1280_720,that,0,438,48,44,18
849,a_VictoriaAustralia_2_qa_2_1280_720,it,0,516,49,12,17
850,a_VictoriaAustralia_2_qa_2_1280_720,will,0,561,48,34,18
851,a_VictoriaAustralia_2_qa_2_1280_720,close,0,629,48,55,18
852,a_VictoriaAustralia_2_qa_2_1280_720,its,0,718,49,23,17
853,a_VictoriaAustralia_2_qa_2_1280_720,Victoria,0,774,49,82,17
854,a_VictoriaAustralia_2_qa_2_1280_720,plant?,0,891,48,65,24
855,meco_para_12_1280_720,A,0,70,115,14,16
856,meco_para_12_1280_720,vehicle,0,115,114,69,17
857,meco_para_12_1280_720,registration,0,218,114,115,22
858,meco_para_12_1280_720,plate,0,367,114,49,22
859,meco_para_12_1280_720,is,0,449,114,14,17
860,meco_para_12_1280_720,a,1,495,119,10,12
861,meco_para_12_1280_720,metal,0,539,114,55,17
862,meco_para_12_1280_720,or,0,627,119,21,12
863,meco_para_12_1280_720,plastic,0,681,114,63,22
864,meco_para_12_1280_720,plate,1,777,114,49,22
865,meco_para_12_1280_720,attached,0,859,114,87,17
866,meco_para_12_1280_720,to,0,979,116,19,15
867,meco_para_12_1280_720,a,2,1031,119,10,12
868,meco_para_12_1280_720,_,0,1048,110,6,30
869,meco_para_12_1280_720,vehicle,1,1074,114,69,17
870,meco_para_12_1280_720,for,0,1175,114,29,17
871,meco_para_12_1280_720,officialidentification,0,71,155,199,18
872,meco_para_12_1280_720,purposes.,0,304,160,98,18
873,meco_para_12_1280_720,All,0,435,155,23,18
874,meco_para_12_1280_720,countries,0,492,156,94,17
875,meco_para_12_1280_720,require,0,619,156,72,22
876,meco_para_12_1280_720,registration,1,725,156,115,22
877,meco_para_12_1280_720,plates,0,874,155,59,23
878,meco_para_12_1280_720,for,1,965,155,29,18
879,meco_para_12_1280_720,road,0,1027,155,44,18
880,meco_para_12_1280_720,vehicles,0,1104,155,80,18
881,meco_para_12_1280_720,such,0,71,197,45,17
882,meco_para_12_1280_720,as,0,150,202,21,12
883,meco_para_12_1280_720,"cars,",0,203,202,45,14
884,meco_para_12_1280_720,"trucks,and",0,281,197,106,19
885,meco_para_12_1280_720,motorcycles.,0,421,197,127,22
886,meco_para_12_1280_720,Whether,0,581,197,87,17
887,meco_para_12_1280_720,they,0,700,197,44,22
888,meco_para_12_1280_720,are,0,776,202,32,12
889,meco_para_12_1280_720,required,0,841,197,85,22
890,meco_para_12_1280_720,for,2,959,197,29,17
891,meco_para_12_1280_720,other,0,1020,197,54,17
892,meco_para_12_1280_720,"vehicles,",1,1106,197,85,19
893,meco_para_12_1280_720,such,1,71,239,45,17
894,meco_para_12_1280_720,as_,0,150,244,21,12
895,meco_para_12_1280_720,"bicycles,",0,204,239,82,22
896,meco_para_12_1280_720,"boats,",0,320,239,59,19
897,meco_para_12_1280_720,or,1,413,244,21,12
898,meco_para_12_1280_720,"tractors,",0,465,241,84,17
899,meco_para_12_1280_720,may,0,583,244,42,17
900,meco_para_12_1280_720,vary,0,656,244,43,17
901,meco_para_12_1280_720,by,0,731,239,23,22
902,meco_para_12_1280_720,jurisdiction.,0,784,239,119,22
903,meco_para_12_1280_720,The,0,935,239,37,17
904,meco_para_12_1280_720,registration,2,1005,240,115,21
905,meco_para_12_1280_720,identifier,0,72,281,90,17
906,meco_para_12_1280_720,is,1,195,282,13,16
907,meco_para_12_1280_720,a,3,241,286,10,12
908,meco_para_12_1280_720,series,0,284,282,58,16
909,meco_para_12_1280_720,of,0,375,281,20,17
910,meco_para_12_1280_720,letters,0,427,281,63,17
911,meco_para_12_1280_720,and,0,522,281,37,17
912,meco_para_12_1280_720,digits,0,592,281,53,22
913,meco_para_12_1280_720,that,0,677,281,41,17
914,meco_para_12_1280_720,uniquely,0,751,281,86,22
915,meco_para_12_1280_720,identifies,0,870,281,91,17
916,meco_para_12_1280_720,the,1,993,281,33,17
917,meco_para_12_1280_720,vehicle,2,1057,281,70,17
918,meco_para_12_1280_720,owner,0,71,328,64,12
919,meco_para_12_1280_720,within,0,166,323,61,17
920,meco_para_12_1280_720,the,2,260,323,32,17
921,meco_para_12_1280_720,issuing,0,326,323,69,22
922,meco_para_12_1280_720,region's,0,427,323,79,22
923,meco_para_12_1280_720,vehicle,3,538,323,69,17
924,meco_para_12_1280_720,register.,0,640,323,81,22
925,meco_para_12_1280_720,In,0,756,324,16,16
926,meco_para_12_1280_720,some,0,805,328,55,12
927,meco_para_12_1280_720,_,1,867,319,3,30
928,meco_para_12_1280_720,"countries,",1,892,323,99,19
929,meco_para_12_1280_720,the,3,1024,323,32,17
930,meco_para_12_1280_720,identifier,1,1090,323,90,17
931,meco_para_12_1280_720,is,2,72,365,13,17
932,meco_para_12_1280_720,unique,0,118,365,70,22
933,meco_para_12_1280_720,within,1,220,364,61,18
934,meco_para_12_1280_720,the,4,313,364,33,18
935,meco_para_12_1280_720,entire,0,379,365,58,17
936,meco_para_12_1280_720,"country,",0,470,367,81,20
937,meco_para_12_1280_720,while,0,584,364,53,18
938,meco_para_12_1280_720,in,1,670,365,16,17
939,meco_para_12_1280_720,others,0,719,364,65,18
940,meco_para_12_1280_720,it,0,817,365,11,17
941,meco_para_12_1280_720,is,3,861,365,14,17
942,meco_para_12_1280_720,unique,1,908,365,69,22
943,meco_para_12_1280_720,within,2,1009,364,61,18
944,meco_para_12_1280_720,a,4,1103,369,10,13
945,meco_para_12_1280_720,state,0,1147,367,48,15
946,meco_para_12_1280_720,or,2,71,411,21,12
947,meco_para_12_1280_720,province.,0,125,407,91,21
948,meco_para_12_1280_720,France,0,250,407,66,16
949,meco_para_12_1280_720,was,0,348,411,39,12
950,meco_para_12_1280_720,the,5,419,406,32,17
951,meco_para_12_1280_720,first,0,483,406,39,17
952,meco_para_12_1280_720,country,1,555,408,77,20
953,meco_para_12_1280_720,to,1,663,408,20,15
954,meco_para_12_1280_720,introduce,0,716,406,97,17
955,meco_para_12_1280_720,the,6,845,406,32,17
956,meco_para_12_1280_720,registration,3,910,407,116,21
957,meco_para_12_1280_720,"plate,",2,1060,406,53,22
958,meco_para_12_1280_720,in,2,1147,407,16,16
959,meco_para_12_1280_720,the,7,71,448,32,17
960,meco_para_12_1280_720,late,0,136,448,35,17
961,meco_para_12_1280_720,nineteenth,0,205,448,109,17
962,meco_para_12_1280_720,century.,0,347,450,81,20
963,meco_para_12_1280_720,Early,0,462,448,48,22
964,meco_para_12_1280_720,twentieth,0,542,448,95,17
965,meco_para_12_1280_720,century,1,671,450,76,20
966,meco_para_12_1280_720,plates,1,780,448,59,22
967,meco_para_12_1280_720,varied,0,871,448,61,17
968,meco_para_12_1280_720,in,3,967,449,15,16
969,meco_para_12_1280_720,size,0,1016,449,36,16
970,meco_para_12_1280_720,and,1,1085,448,36,17
971,meco_para_12_1280_720,shape,0,71,490,60,22
972,meco_para_12_1280_720,from,0,163,490,48,17
973,meco_para_12_1280_720,one,0,245,495,37,12
974,meco_para_12_1280_720,jurisdiction,1,312,490,113,22
975,meco_para_12_1280_720,to,2,458,492,20,15
976,meco_para_12_1280_720,the,8,510,490,32,17
977,meco_para_12_1280_720,"next,",0,576,492,47,17
978,meco_para_12_1280_720,such,2,656,490,46,17
979,meco_para_12_1280_720,that,1,735,490,40,17
980,meco_para_12_1280_720,if,0,808,490,12,17
981,meco_para_12_1280_720,a,5,851,495,10,12
982,meco_para_12_1280_720,person,0,895,495,68,17
983,meco_para_12_1280_720,"moved,",0,997,490,73,19
984,meco_para_12_1280_720,new,0,1104,495,41,12
985,meco_para_12_1280_720,holes,0,72,532,52,17
986,meco_para_12_1280_720,would,0,156,532,61,17
987,meco_para_12_1280_720,need,0,251,532,48,17
988,meco_para_12_1280_720,to,3,332,534,20,15
989,meco_para_12_1280_720,be,0,385,532,23,17
990,meco_para_12_1280_720,drilled,0,441,532,62,17
991,meco_para_12_1280_720,into,0,537,532,38,17
992,meco_para_12_1280_720,the,9,607,532,32,17
993,meco_para_12_1280_720,automobile,0,672,532,115,17
994,meco_para_12_1280_720,to,4,819,534,20,15
995,meco_para_12_1280_720,support,0,872,534,79,20
996,meco_para_12_1280_720,the,10,983,532,32,17
997,meco_para_12_1280_720,new,1,1049,537,40,12
998,meco_para_12_1280_720,plate.,3,1122,532,54,22
999,meco_para_12_1280_720,Standardization,0,71,573,159,18
1000,meco_para_12_1280_720,of,1,264,573,20,18
1001,meco_para_12_1280_720,plates,2,316,573,59,23
1002,meco_para_12_1280_720,came,0,408,578,53,13
1003,meco_para_12_1280_720,in,4,494,574,16,17
1004,meco_para_12_1280_720,the,11,543,573,32,18
1005,meco_para_12_1280_720,late,1,609,573,35,18
1006,meco_para_12_1280_720,"fifties,",0,676,573,60,19
1007,meco_para_12_1280_720,when,0,769,573,55,18
1008,meco_para_12_1280_720,automobile,1,857,573,115,18
1009,meco_para_12_1280_720,manufacturers,0,1006,573,149,18
1010,meco_para_12_1280_720,came,1,71,620,53,12
1011,meco_para_12_1280_720,to,5,157,617,19,15
1012,meco_para_12_1280_720,an,0,209,620,23,12
1013,meco_para_12_1280_720,agreement,0,265,617,111,20
1014,meco_para_12_1280_720,with,0,407,615,42,17
1015,meco_para_12_1280_720,governments,0,482,617,134,20
1016,meco_para_12_1280_720,and_,0,649,615,36,17
1017,meco_para_12_1280_720,international,0,720,615,128,17
1018,meco_para_12_1280_720,organizations.,0,882,616,141,21
1019,meco_para_12_qa_0_1280_720,The,0,20,49,40,18
1020,meco_para_12_qa_0_1280_720,first,0,93,49,43,18
1021,meco_para_12_qa_0_1280_720,registration,0,170,49,125,24
1022,meco_para_12_qa_0_1280_720,plate,0,330,49,53,24
1023,meco_para_12_qa_0_1280_720,was,0,416,54,42,13
1024,meco_para_12_qa_0_1280_720,introduced,0,492,49,119,18
1025,meco_para_12_qa_0_1280_720,in,0,646,49,17,18
1026,meco_para_12_qa_0_1280_720,France.,0,698,50,78,17
1027,q_after_a_Force_4_qa_3_1280_720,What,0,21,48,57,18
1028,q_after_a_Force_4_qa_3_1280_720,includes,0,112,48,90,18
1029,q_after_a_Force_4_qa_3_1280_720,pressure,0,236,53,96,19
1030,q_after_a_Force_4_qa_3_1280_720,terms,0,364,50,64,16
1031,q_after_a_Force_4_qa_3_1280_720,when,0,461,48,59,18
1032,q_after_a_Force_4_qa_3_1280_720,calculating,0,555,48,117,24
1033,q_after_a_Force_4_qa_3_1280_720,area,0,704,53,48,13
1034,q_after_a_Force_4_qa_3_1280_720,in,0,787,49,17,17
1035,q_after_a_Force_4_qa_3_1280_720,volume?,0,837,48,93,18
1036,q_after_a_FrenchandIndianWar_0_qa_2_1280_720,When,0,20,48,63,18
1037,q_after_a_FrenchandIndianWar_0_qa_2_1280_720,was,0,117,53,41,13
1038,q_after_a_FrenchandIndianWar_0_qa_2_1280_720,Montreal,0,193,48,98,18
1039,q_after_a_FrenchandIndianWar_0_qa_2_1280_720,captured?,0,325,48,110,24
1040,q_after_a_FresnoCalifornia_0_qa_0_1280_720,What,0,20,48,58,18
1041,q_after_a_FresnoCalifornia_0_qa_0_1280_720,is,0,112,49,14,17
1042,q_after_a_FresnoCalifornia_0_qa_0_1280_720,another,0,159,48,88,18
1043,q_after_a_FresnoCalifornia_0_qa_0_1280_720,name,0,281,53,60,13
1044,q_after_a_FresnoCalifornia_0_qa_0_1280_720,for,0,374,48,32,18
1045,q_after_a_FresnoCalifornia_0_qa_0_1280_720,the,0,438,48,35,18
1046,q_after_a_FresnoCalifornia_0_qa_0_1280_720,west,0,506,50,51,16
1047,q_after_a_FresnoCalifornia_0_qa_0_1280_720,side,0,590,48,43,18
1048,q_after_a_FresnoCalifornia_0_qa_0_1280_720,of,0,667,48,22,18
1049,q_after_a_FresnoCalifornia_0_qa_0_1280_720,Fresno?,0,721,49,84,17
1050,q_after_a_Kenya_1_qa_0_1280_720,When,0,21,48,62,18
1051,q_after_a_Kenya_1_qa_0_1280_720,did,0,117,48,33,18
1052,q_after_a_Kenya_1_qa_0_1280_720,Kibaki,0,185,48,64,18
1053,q_after_a_Kenya_1_qa_0_1280_720,and,0,283,48,40,18
1054,q_after_a_Kenya_1_qa_0_1280_720,Odinga,0,357,48,77,24
1055,q_after_a_Kenya_1_qa_0_1280_720,sing,0,469,49,43,23
1056,q_after_a_Kenya_1_qa_0_1280_720,an,0,545,53,25,13
1057,q_after_a_Kenya_1_qa_0_1280_720,agreement,0,604,50,121,22
1058,q_after_a_Kenya_1_qa_0_1280_720,on,0,758,53,26,13
1059,q_after_a_Kenya_1_qa_0_1280_720,the,0,817,48,36,18
1060,q_after_a_Kenya_1_qa_0_1280_720,formation,0,885,48,110,18
1061,q_after_a_Kenya_1_qa_0_1280_720,of,0,1029,48,22,18
1062,q_after_a_Kenya_1_qa_0_1280_720,government?,0,20,121,146,23
1063,q_after_a_ScottishParliament_1_qa_2_1280_720,What,0,21,48,57,18
1064,q_after_a_ScottishParliament_1_qa_2_1280_720,is,0,112,49,14,17
1065,q_after_a_ScottishParliament_1_qa_2_1280_720,one,0,160,53,40,13
1066,q_after_a_ScottishParliament_1_qa_2_1280_720,avenue,0,233,53,80,13
1067,q_after_a_ScottishParliament_1_qa_2_1280_720,being,0,347,48,60,24
1068,q_after_a_ScottishParliament_1_qa_2_1280_720,compensated,0,440,48,149,24
1069,q_after_a_ScottishParliament_1_qa_2_1280_720,for,0,623,48,31,18
1070,q_after_a_ScottishParliament_1_qa_2_1280_720,by,0,688,48,25,24
1071,q_after_a_ScottishParliament_1_qa_2_1280_720,having,0,746,48,71,24
1072,q_after_a_ScottishParliament_1_qa_2_1280_720,committees,0,850,49,130,17
1073,q_after_a_ScottishParliament_1_qa_2_1280_720,serve,0,1013,53,58,13
1074,q_after_a_ScottishParliament_1_qa_2_1280_720,such,0,1105,48,49,18
1075,q_after_a_ScottishParliament_1_qa_2_1280_720,a,0,21,125,11,13
1076,q_after_a_ScottishParliament_1_qa_2_1280_720,large,0,66,120,53,24
1077,q_after_a_ScottishParliament_1_qa_2_1280_720,role?,0,153,120,52,18
