debugSFKFJZ:debugDBYR25,initialized,0,,1663854455173
debugSFKFJZ:debugDBYR25,window_resize,0,"[1024, 767]",1663854455173
debugSFKFJZ:debugDBYR25,focus,26563,off,1663854481736
debugSFKFJZ:debugDBYR25,focus,0,off,1663854481736
debugSFKFJZ:debugDBYR25,focus,1447,on,1663854483183
debugSFKFJZ:debugDBYR25,focus,0,on,1663854483183
debugSFKFJZ:debugDBYR25,window_resize,21113,"[2560, 1440]",1663854504296
debugSFKFJZ:debugDBYR25,window_resize,0,"[2560, 1440]",1663854504296
A1H4RT5Y19B3I:3E4GGUZ1TKMW4WLX7NVR86C69SMK26,initialized,0,,1663856910577
A1H4RT5Y19B3I:3E4GGUZ1TKMW4WLX7NVR86C69SMK26,window_resize,0,"[1028, 750]",1663856910577
A1H4RT5Y19B3I:3E4GGUZ1TKMW4WLX7NVR86C69SMK26,focus,194,off,1663856910771
A1H4RT5Y19B3I:3E4GGUZ1TKMW4WLX7NVR86C69SMK26,focus,0,off,1663856910771
A1H4RT5Y19B3I:3E4GGUZ1TKMW4WLX7NVR86C69SMK26,focus,4756,on,1663856915527
A1H4RT5Y19B3I:3E4GGUZ1TKMW4WLX7NVR86C69SMK26,focus,0,on,1663856915527
A1H4RT5Y19B3I:3E4GGUZ1TKMW4WLX7NVR86C69SMK26,window_resize,75054,"[1536, 764]",1663856990581
A1H4RT5Y19B3I:3E4GGUZ1TKMW4WLX7NVR86C69SMK26,window_resize,0,"[1536, 764]",1663856990581
A2MDKWX5NJE6Y3:3GFK2QRXXLCFYTY1EKGSUO9DGA95WD,initialized,0,,1663861734197
A2MDKWX5NJE6Y3:3GFK2QRXXLCFYTY1EKGSUO9DGA95WD,window_resize,0,"[1028, 758]",1663861734197
A2MDKWX5NJE6Y3:3GFK2QRXXLCFYTY1EKGSUO9DGA95WD,window_resize,5676,"[1536, 772]",1663861739873
A2MDKWX5NJE6Y3:3GFK2QRXXLCFYTY1EKGSUO9DGA95WD,window_resize,0,"[1536, 772]",1663861739873
A2MDKWX5NJE6Y3:3GFK2QRXXLCFYTY1EKGSUO9DGA95WD,focus,45427,off,1663861785300
A2MDKWX5NJE6Y3:3GFK2QRXXLCFYTY1EKGSUO9DGA95WD,focus,0,off,1663861785300
A2MDKWX5NJE6Y3:3GFK2QRXXLCFYTY1EKGSUO9DGA95WD,focus,32715,on,1663861818015
A2MDKWX5NJE6Y3:3GFK2QRXXLCFYTY1EKGSUO9DGA95WD,focus,0,on,1663861818015
A2MDKWX5NJE6Y3:3GFK2QRXXLCFYTY1EKGSUO9DGA95WD,focus,469,off,1663861818484
A2MDKWX5NJE6Y3:3GFK2QRXXLCFYTY1EKGSUO9DGA95WD,focus,1,off,1663861818485
A2MDKWX5NJE6Y3:3GFK2QRXXLCFYTY1EKGSUO9DGA95WD,focus,1510,on,1663861819995
A2MDKWX5NJE6Y3:3GFK2QRXXLCFYTY1EKGSUO9DGA95WD,focus,0,on,1663861819995
A2MDKWX5NJE6Y3:3GFK2QRXXLCFYTY1EKGSUO9DGA95WD,focus,20648,off,1663861840643
A2MDKWX5NJE6Y3:3GFK2QRXXLCFYTY1EKGSUO9DGA95WD,focus,0,off,1663861840643
A2MDKWX5NJE6Y3:3GFK2QRXXLCFYTY1EKGSUO9DGA95WD,focus,29146,on,1663861869789
A2MDKWX5NJE6Y3:3GFK2QRXXLCFYTY1EKGSUO9DGA95WD,focus,0,on,1663861869789
A2MDKWX5NJE6Y3:3GFK2QRXXLCFYTY1EKGSUO9DGA95WD,focus,35904,off,1663861905693
A2MDKWX5NJE6Y3:3GFK2QRXXLCFYTY1EKGSUO9DGA95WD,focus,0,off,1663861905693
A2MDKWX5NJE6Y3:3GFK2QRXXLCFYTY1EKGSUO9DGA95WD,focus,1570,on,1663861907263
A2MDKWX5NJE6Y3:3GFK2QRXXLCFYTY1EKGSUO9DGA95WD,focus,0,on,1663861907263
A2MDKWX5NJE6Y3:3GFK2QRXXLCFYTY1EKGSUO9DGA95WD,focus,10305,off,1663861917568
A2MDKWX5NJE6Y3:3GFK2QRXXLCFYTY1EKGSUO9DGA95WD,focus,0,off,1663861917568
A2MDKWX5NJE6Y3:3GFK2QRXXLCFYTY1EKGSUO9DGA95WD,focus,7884,on,1663861925452
A2MDKWX5NJE6Y3:3GFK2QRXXLCFYTY1EKGSUO9DGA95WD,focus,0,on,1663861925452
A2MDKWX5NJE6Y3:3GFK2QRXXLCFYTY1EKGSUO9DGA95WD,window_resize,8675,"[1536, 864]",1663861934127
A2MDKWX5NJE6Y3:3GFK2QRXXLCFYTY1EKGSUO9DGA95WD,window_resize,0,"[1536, 864]",1663861934127
A2MDKWX5NJE6Y3:3GFK2QRXXLCFYTY1EKGSUO9DGA95WD,focus,366691,off,1663862300818
A2MDKWX5NJE6Y3:3GFK2QRXXLCFYTY1EKGSUO9DGA95WD,focus,0,off,1663862300818
A2MDKWX5NJE6Y3:3GFK2QRXXLCFYTY1EKGSUO9DGA95WD,focus,3540,on,1663862304358
A2MDKWX5NJE6Y3:3GFK2QRXXLCFYTY1EKGSUO9DGA95WD,focus,0,on,1663862304358
A2MDKWX5NJE6Y3:3GFK2QRXXLCFYTY1EKGSUO9DGA95WD,window_resize,15938,"[1536, 772]",1663862320296
A2MDKWX5NJE6Y3:3GFK2QRXXLCFYTY1EKGSUO9DGA95WD,window_resize,0,"[1536, 772]",1663862320296
A2MDKWX5NJE6Y3:3GFK2QRXXLCFYTY1EKGSUO9DGA95WD,focus,2457,off,1663862322753
A2MDKWX5NJE6Y3:3GFK2QRXXLCFYTY1EKGSUO9DGA95WD,focus,0,off,1663862322753
A2MDKWX5NJE6Y3:3GFK2QRXXLCFYTY1EKGSUO9DGA95WD,focus,49259,on,1663862372012
A2MDKWX5NJE6Y3:3GFK2QRXXLCFYTY1EKGSUO9DGA95WD,focus,0,on,1663862372012
A2MDKWX5NJE6Y3:3GFK2QRXXLCFYTY1EKGSUO9DGA95WD,focus,37579,off,1663862409591
A2MDKWX5NJE6Y3:3GFK2QRXXLCFYTY1EKGSUO9DGA95WD,focus,0,off,1663862409591
A2MDKWX5NJE6Y3:3GFK2QRXXLCFYTY1EKGSUO9DGA95WD,focus,4148,on,1663862413739
A2MDKWX5NJE6Y3:3GFK2QRXXLCFYTY1EKGSUO9DGA95WD,focus,0,on,1663862413739
A2MDKWX5NJE6Y3:3GFK2QRXXLCFYTY1EKGSUO9DGA95WD,focus,29960,off,1663862443699
A2MDKWX5NJE6Y3:3GFK2QRXXLCFYTY1EKGSUO9DGA95WD,focus,0,off,1663862443699
A2MDKWX5NJE6Y3:3GFK2QRXXLCFYTY1EKGSUO9DGA95WD,focus,600,on,1663862444299
A2MDKWX5NJE6Y3:3GFK2QRXXLCFYTY1EKGSUO9DGA95WD,focus,0,on,1663862444299
A2MDKWX5NJE6Y3:3GFK2QRXXLCFYTY1EKGSUO9DGA95WD,focus,420,off,1663862444719
A2MDKWX5NJE6Y3:3GFK2QRXXLCFYTY1EKGSUO9DGA95WD,focus,0,off,1663862444719
A2MDKWX5NJE6Y3:3GFK2QRXXLCFYTY1EKGSUO9DGA95WD,focus,1002,on,1663862445721
A2MDKWX5NJE6Y3:3GFK2QRXXLCFYTY1EKGSUO9DGA95WD,focus,0,on,1663862445721
A2MDKWX5NJE6Y3:3GFK2QRXXLCFYTY1EKGSUO9DGA95WD,focus,839,off,1663862446560
A2MDKWX5NJE6Y3:3GFK2QRXXLCFYTY1EKGSUO9DGA95WD,focus,0,off,1663862446560
A2MDKWX5NJE6Y3:3GFK2QRXXLCFYTY1EKGSUO9DGA95WD,focus,9420,on,1663862455980
A2MDKWX5NJE6Y3:3GFK2QRXXLCFYTY1EKGSUO9DGA95WD,focus,0,on,1663862455980
A2MDKWX5NJE6Y3:3GFK2QRXXLCFYTY1EKGSUO9DGA95WD,focus,15735,off,1663862471715
A2MDKWX5NJE6Y3:3GFK2QRXXLCFYTY1EKGSUO9DGA95WD,focus,0,off,1663862471715
A2MDKWX5NJE6Y3:3GFK2QRXXLCFYTY1EKGSUO9DGA95WD,focus,969,on,1663862472684
A2MDKWX5NJE6Y3:3GFK2QRXXLCFYTY1EKGSUO9DGA95WD,focus,0,on,1663862472684
A2MDKWX5NJE6Y3:3GFK2QRXXLCFYTY1EKGSUO9DGA95WD,focus,866,off,1663862473550
A2MDKWX5NJE6Y3:3GFK2QRXXLCFYTY1EKGSUO9DGA95WD,focus,1,off,1663862473551
A2MDKWX5NJE6Y3:3GFK2QRXXLCFYTY1EKGSUO9DGA95WD,focus,4560,on,1663862478111
A2MDKWX5NJE6Y3:3GFK2QRXXLCFYTY1EKGSUO9DGA95WD,focus,0,on,1663862478111
A2MDKWX5NJE6Y3:3GFK2QRXXLCFYTY1EKGSUO9DGA95WD,focus,65580,off,1663862543691
A2MDKWX5NJE6Y3:3GFK2QRXXLCFYTY1EKGSUO9DGA95WD,focus,0,off,1663862543691
A2MDKWX5NJE6Y3:3GFK2QRXXLCFYTY1EKGSUO9DGA95WD,focus,3466,on,1663862547157
A2MDKWX5NJE6Y3:3GFK2QRXXLCFYTY1EKGSUO9DGA95WD,focus,0,on,1663862547157
A2MDKWX5NJE6Y3:3GFK2QRXXLCFYTY1EKGSUO9DGA95WD,focus,2749,off,1663862549906
A2MDKWX5NJE6Y3:3GFK2QRXXLCFYTY1EKGSUO9DGA95WD,focus,0,off,1663862549906
A2MDKWX5NJE6Y3:3GFK2QRXXLCFYTY1EKGSUO9DGA95WD,focus,331,on,1663862550237
A2MDKWX5NJE6Y3:3GFK2QRXXLCFYTY1EKGSUO9DGA95WD,focus,0,on,1663862550237
AWDS206FS8F21:3UWN2HHPUA0QH1NYYF2DRG6E1M9SNF,initialized,0,,1663913215465
AWDS206FS8F21:3UWN2HHPUA0QH1NYYF2DRG6E1M9SNF,window_resize,0,"[1024, 768]",1663913215465
AWDS206FS8F21:3UWN2HHPUA0QH1NYYF2DRG6E1M9SNF,focus,49815,off,1663913265280
AWDS206FS8F21:3UWN2HHPUA0QH1NYYF2DRG6E1M9SNF,focus,0,off,1663913265280
AWDS206FS8F21:3UWN2HHPUA0QH1NYYF2DRG6E1M9SNF,focus,123,on,1663913265403
AWDS206FS8F21:3UWN2HHPUA0QH1NYYF2DRG6E1M9SNF,focus,0,on,1663913265403
AWDS206FS8F21:3UWN2HHPUA0QH1NYYF2DRG6E1M9SNF,window_resize,31718,"[1600, 860]",1663913297121
AWDS206FS8F21:3UWN2HHPUA0QH1NYYF2DRG6E1M9SNF,window_resize,0,"[1600, 860]",1663913297121
AWDS206FS8F21:3UWN2HHPUA0QH1NYYF2DRG6E1M9SNF,window_resize,538,"[1600, 900]",1663913297659
AWDS206FS8F21:3UWN2HHPUA0QH1NYYF2DRG6E1M9SNF,window_resize,1,"[1600, 900]",1663913297660
A39EW8U7372I7:32ZKVD547RIKWBDM5AW3SDY8SEF3BM,initialized,0,,1663876492416
A39EW8U7372I7:32ZKVD547RIKWBDM5AW3SDY8SEF3BM,window_resize,0,"[1366, 676]",1663876492416
A39EW8U7372I7:32ZKVD547RIKWBDM5AW3SDY8SEF3BM,focus,177608,off,1663876670024
A39EW8U7372I7:32ZKVD547RIKWBDM5AW3SDY8SEF3BM,focus,0,off,1663876670024
A39EW8U7372I7:32ZKVD547RIKWBDM5AW3SDY8SEF3BM,focus,1753,on,1663876671777
A39EW8U7372I7:32ZKVD547RIKWBDM5AW3SDY8SEF3BM,focus,0,on,1663876671777
A39EW8U7372I7:32ZKVD547RIKWBDM5AW3SDY8SEF3BM,window_resize,38151,"[1366, 768]",1663876709928
A39EW8U7372I7:32ZKVD547RIKWBDM5AW3SDY8SEF3BM,window_resize,1,"[1366, 768]",1663876709929
A1FYFO3STS36XB:3BXQMRHWKBT0EWU2BJIDT2Z2HWZUMI,initialized,0,,1663961384502
A1FYFO3STS36XB:3BXQMRHWKBT0EWU2BJIDT2Z2HWZUMI,window_resize,0,"[1024, 660]",1663961384502
A1FYFO3STS36XB:3BXQMRHWKBT0EWU2BJIDT2Z2HWZUMI,window_resize,3800,"[1366, 676]",1663961388302
A1FYFO3STS36XB:3BXQMRHWKBT0EWU2BJIDT2Z2HWZUMI,window_resize,0,"[1366, 676]",1663961388302
A1FYFO3STS36XB:3BXQMRHWKBT0EWU2BJIDT2Z2HWZUMI,focus,42876,off,1663961431178
A1FYFO3STS36XB:3BXQMRHWKBT0EWU2BJIDT2Z2HWZUMI,focus,1,off,1663961431179
A1FYFO3STS36XB:3BXQMRHWKBT0EWU2BJIDT2Z2HWZUMI,focus,1909,on,1663961433088
A1FYFO3STS36XB:3BXQMRHWKBT0EWU2BJIDT2Z2HWZUMI,focus,0,on,1663961433088
A1FYFO3STS36XB:3BXQMRHWKBT0EWU2BJIDT2Z2HWZUMI,focus,110203,off,1663961543291
A1FYFO3STS36XB:3BXQMRHWKBT0EWU2BJIDT2Z2HWZUMI,focus,0,off,1663961543291
A1FYFO3STS36XB:3BXQMRHWKBT0EWU2BJIDT2Z2HWZUMI,focus,1863,on,1663961545154
A1FYFO3STS36XB:3BXQMRHWKBT0EWU2BJIDT2Z2HWZUMI,focus,0,on,1663961545154
A1FYFO3STS36XB:3BXQMRHWKBT0EWU2BJIDT2Z2HWZUMI,window_resize,39208,"[1366, 768]",1663961584362
A1FYFO3STS36XB:3BXQMRHWKBT0EWU2BJIDT2Z2HWZUMI,window_resize,0,"[1366, 768]",1663961584362
A1HU38LC820ETZ:39KFRKBFIZQ5V8ZJY0UFORUK8CZYOT,initialized,0,,1663859051935
A1HU38LC820ETZ:39KFRKBFIZQ5V8ZJY0UFORUK8CZYOT,window_resize,0,"[1536, 772]",1663859051935
A1HU38LC820ETZ:39KFRKBFIZQ5V8ZJY0UFORUK8CZYOT,window_resize,4630,"[1028, 758]",1663859056565
A1HU38LC820ETZ:39KFRKBFIZQ5V8ZJY0UFORUK8CZYOT,window_resize,1,"[1028, 758]",1663859056566
A1HU38LC820ETZ:39KFRKBFIZQ5V8ZJY0UFORUK8CZYOT,focus,1436,off,1663859058002
A1HU38LC820ETZ:39KFRKBFIZQ5V8ZJY0UFORUK8CZYOT,focus,0,off,1663859058002
A1HU38LC820ETZ:39KFRKBFIZQ5V8ZJY0UFORUK8CZYOT,focus,13156,on,1663859071158
A1HU38LC820ETZ:39KFRKBFIZQ5V8ZJY0UFORUK8CZYOT,focus,0,on,1663859071158
A1HU38LC820ETZ:39KFRKBFIZQ5V8ZJY0UFORUK8CZYOT,window_resize,2416,"[1536, 772]",1663859073574
A1HU38LC820ETZ:39KFRKBFIZQ5V8ZJY0UFORUK8CZYOT,window_resize,0,"[1536, 772]",1663859073574
A1HU38LC820ETZ:39KFRKBFIZQ5V8ZJY0UFORUK8CZYOT,focus,29345,off,1663859102919
A1HU38LC820ETZ:39KFRKBFIZQ5V8ZJY0UFORUK8CZYOT,focus,0,off,1663859102919
A1HU38LC820ETZ:39KFRKBFIZQ5V8ZJY0UFORUK8CZYOT,focus,5226,on,1663859108145
A1HU38LC820ETZ:39KFRKBFIZQ5V8ZJY0UFORUK8CZYOT,focus,0,on,1663859108145
A1HU38LC820ETZ:39KFRKBFIZQ5V8ZJY0UFORUK8CZYOT,focus,69988,off,1663859178133
A1HU38LC820ETZ:39KFRKBFIZQ5V8ZJY0UFORUK8CZYOT,focus,0,off,1663859178133
A1HU38LC820ETZ:39KFRKBFIZQ5V8ZJY0UFORUK8CZYOT,focus,2134,on,1663859180267
A1HU38LC820ETZ:39KFRKBFIZQ5V8ZJY0UFORUK8CZYOT,focus,0,on,1663859180267
A1HU38LC820ETZ:39KFRKBFIZQ5V8ZJY0UFORUK8CZYOT,window_resize,39866,"[1536, 864]",1663859220133
A1HU38LC820ETZ:39KFRKBFIZQ5V8ZJY0UFORUK8CZYOT,window_resize,0,"[1536, 864]",1663859220133
A06385332JDU4U6E9WFE5:3XUHV3NRVWTX133CJLUSTLZQ16E5HZ,initialized,0,,1664205457233
A06385332JDU4U6E9WFE5:3XUHV3NRVWTX133CJLUSTLZQ16E5HZ,window_resize,0,"[1024, 655]",1664205457233
A06385332JDU4U6E9WFE5:3XUHV3NRVWTX133CJLUSTLZQ16E5HZ,window_resize,74070,"[1280, 800]",1664205531303
A06385332JDU4U6E9WFE5:3XUHV3NRVWTX133CJLUSTLZQ16E5HZ,window_resize,0,"[1280, 800]",1664205531303
A06385332JDU4U6E9WFE5:3XUHV3NRVWTX133CJLUSTLZQ16E5HZ,focus,19652,off,1664205550955
A06385332JDU4U6E9WFE5:3XUHV3NRVWTX133CJLUSTLZQ16E5HZ,focus,0,off,1664205550955
A06385332JDU4U6E9WFE5:3XUHV3NRVWTX133CJLUSTLZQ16E5HZ,focus,1981,on,1664205552936
A06385332JDU4U6E9WFE5:3XUHV3NRVWTX133CJLUSTLZQ16E5HZ,focus,0,on,1664205552936
A3CE1ODWO0BSPX:38F5OAUN5Z7CO7HV7E9PR5DMS56H79,initialized,0,,1664093493920
A3CE1ODWO0BSPX:38F5OAUN5Z7CO7HV7E9PR5DMS56H79,window_resize,0,"[1024, 767]",1664093493920
A3CE1ODWO0BSPX:38F5OAUN5Z7CO7HV7E9PR5DMS56H79,window_resize,30270,"[1920, 1026]",1664093524190
A3CE1ODWO0BSPX:38F5OAUN5Z7CO7HV7E9PR5DMS56H79,window_resize,0,"[1920, 1026]",1664093524190
A3CE1ODWO0BSPX:38F5OAUN5Z7CO7HV7E9PR5DMS56H79,focus,54772,off,1664093578962
A3CE1ODWO0BSPX:38F5OAUN5Z7CO7HV7E9PR5DMS56H79,focus,0,off,1664093578962
A3CE1ODWO0BSPX:38F5OAUN5Z7CO7HV7E9PR5DMS56H79,focus,1789,on,1664093580751
A3CE1ODWO0BSPX:38F5OAUN5Z7CO7HV7E9PR5DMS56H79,focus,0,on,1664093580751
A3CE1ODWO0BSPX:38F5OAUN5Z7CO7HV7E9PR5DMS56H79,window_resize,24816,"[1920, 1080]",1664093605567
A3CE1ODWO0BSPX:38F5OAUN5Z7CO7HV7E9PR5DMS56H79,window_resize,0,"[1920, 1080]",1664093605567
AEREQC4FYRK66:3300DTYQTECAAFV8DCAP6TX46SLEQU,initialized,0,,1664263748045
AEREQC4FYRK66:3300DTYQTECAAFV8DCAP6TX46SLEQU,window_resize,0,"[1182, 607]",1664263748045
AEREQC4FYRK66:3300DTYQTECAAFV8DCAP6TX46SLEQU,focus,331147,off,1664264079192
AEREQC4FYRK66:3300DTYQTECAAFV8DCAP6TX46SLEQU,focus,0,off,1664264079192
AEREQC4FYRK66:3300DTYQTECAAFV8DCAP6TX46SLEQU,focus,2920,on,1664264082112
AEREQC4FYRK66:3300DTYQTECAAFV8DCAP6TX46SLEQU,focus,0,on,1664264082112
AEREQC4FYRK66:3300DTYQTECAAFV8DCAP6TX46SLEQU,window_resize,106018,"[1182, 665]",1664264188130
AEREQC4FYRK66:3300DTYQTECAAFV8DCAP6TX46SLEQU,window_resize,0,"[1182, 665]",1664264188130
AEREQC4FYRK66:3300DTYQTECAAFV8DCAP6TX46SLEQU,window_resize,326901,"[1313, 739]",1664264515031
AEREQC4FYRK66:3300DTYQTECAAFV8DCAP6TX46SLEQU,window_resize,0,"[1313, 739]",1664264515031
AEREQC4FYRK66:3300DTYQTECAAFV8DCAP6TX46SLEQU,window_resize,734705,"[1478, 831]",1664265249736
AEREQC4FYRK66:3300DTYQTECAAFV8DCAP6TX46SLEQU,window_resize,0,"[1478, 831]",1664265249736
AEREQC4FYRK66:3300DTYQTECAAFV8DCAP6TX46SLEQU,window_resize,885,"[1576, 887]",1664265250621
AEREQC4FYRK66:3300DTYQTECAAFV8DCAP6TX46SLEQU,window_resize,0,"[1576, 887]",1664265250621
AEREQC4FYRK66:3300DTYQTECAAFV8DCAP6TX46SLEQU,window_resize,413,"[1773, 998]",1664265251034
AEREQC4FYRK66:3300DTYQTECAAFV8DCAP6TX46SLEQU,window_resize,0,"[1773, 998]",1664265251034
AEREQC4FYRK66:3300DTYQTECAAFV8DCAP6TX46SLEQU,window_resize,1353,"[1576, 887]",1664265252387
AEREQC4FYRK66:3300DTYQTECAAFV8DCAP6TX46SLEQU,window_resize,0,"[1576, 887]",1664265252387
AEREQC4FYRK66:3300DTYQTECAAFV8DCAP6TX46SLEQU,window_resize,348,"[1478, 831]",1664265252735
AEREQC4FYRK66:3300DTYQTECAAFV8DCAP6TX46SLEQU,window_resize,0,"[1478, 831]",1664265252735
AEREQC4FYRK66:3300DTYQTECAAFV8DCAP6TX46SLEQU,window_resize,409,"[1313, 739]",1664265253144
AEREQC4FYRK66:3300DTYQTECAAFV8DCAP6TX46SLEQU,window_resize,0,"[1313, 739]",1664265253144
AEREQC4FYRK66:3300DTYQTECAAFV8DCAP6TX46SLEQU,window_resize,642,"[1182, 665]",1664265253786
AEREQC4FYRK66:3300DTYQTECAAFV8DCAP6TX46SLEQU,window_resize,1,"[1182, 665]",1664265253787
AEREQC4FYRK66:3300DTYQTECAAFV8DCAP6TX46SLEQU,window_resize,229594,"[1313, 739]",1664265483381
AEREQC4FYRK66:3300DTYQTECAAFV8DCAP6TX46SLEQU,window_resize,0,"[1313, 739]",1664265483381
AT9UG11XAEDZL:3X1FV8S5J9M0Z1NG56UNCJHOZAUVGK,initialized,0,,1663863627109
AT9UG11XAEDZL:3X1FV8S5J9M0Z1NG56UNCJHOZAUVGK,window_resize,0,"[1024, 748]",1663863627109
AT9UG11XAEDZL:3X1FV8S5J9M0Z1NG56UNCJHOZAUVGK,focus,25867,off,1663863652976
AT9UG11XAEDZL:3X1FV8S5J9M0Z1NG56UNCJHOZAUVGK,focus,0,off,1663863652976
AT9UG11XAEDZL:3X1FV8S5J9M0Z1NG56UNCJHOZAUVGK,focus,1507,on,1663863654483
AT9UG11XAEDZL:3X1FV8S5J9M0Z1NG56UNCJHOZAUVGK,focus,0,on,1663863654483
AT9UG11XAEDZL:3X1FV8S5J9M0Z1NG56UNCJHOZAUVGK,window_resize,10442,"[1440, 900]",1663863664925
AT9UG11XAEDZL:3X1FV8S5J9M0Z1NG56UNCJHOZAUVGK,window_resize,0,"[1440, 900]",1663863664925
ARI8BJPHVDHD8:3X1FV8S5J9M0Z1NG56UNCJHOZ9ZVGN,initialized,0,,1663857301665
ARI8BJPHVDHD8:3X1FV8S5J9M0Z1NG56UNCJHOZ9ZVGN,window_resize,0,"[1024, 767]",1663857301665
ARI8BJPHVDHD8:3X1FV8S5J9M0Z1NG56UNCJHOZ9ZVGN,focus,59991,off,1663857361656
ARI8BJPHVDHD8:3X1FV8S5J9M0Z1NG56UNCJHOZ9ZVGN,focus,0,off,1663857361656
ARI8BJPHVDHD8:3X1FV8S5J9M0Z1NG56UNCJHOZ9ZVGN,focus,2627,on,1663857364283
ARI8BJPHVDHD8:3X1FV8S5J9M0Z1NG56UNCJHOZ9ZVGN,focus,0,on,1663857364283
ARI8BJPHVDHD8:3X1FV8S5J9M0Z1NG56UNCJHOZ9ZVGN,window_resize,59915,"[1920, 1080]",1663857424198
ARI8BJPHVDHD8:3X1FV8S5J9M0Z1NG56UNCJHOZ9ZVGN,window_resize,0,"[1920, 1080]",1663857424198
A2YRJ8QMZ6RB2F:31T4R4OBO4BL7Z6FLMVOGEG6FDZC7T,initialized,0,,1664090132935
A2YRJ8QMZ6RB2F:31T4R4OBO4BL7Z6FLMVOGEG6FDZC7T,window_resize,0,"[1028, 758]",1664090132935
A2YRJ8QMZ6RB2F:31T4R4OBO4BL7Z6FLMVOGEG6FDZC7T,window_resize,3015,"[1536, 772]",1664090135950
A2YRJ8QMZ6RB2F:31T4R4OBO4BL7Z6FLMVOGEG6FDZC7T,window_resize,0,"[1536, 772]",1664090135950
A2YRJ8QMZ6RB2F:31T4R4OBO4BL7Z6FLMVOGEG6FDZC7T,focus,98696,off,1664090234646
A2YRJ8QMZ6RB2F:31T4R4OBO4BL7Z6FLMVOGEG6FDZC7T,focus,1,off,1664090234647
A2YRJ8QMZ6RB2F:31T4R4OBO4BL7Z6FLMVOGEG6FDZC7T,focus,2267,on,1664090236914
A2YRJ8QMZ6RB2F:31T4R4OBO4BL7Z6FLMVOGEG6FDZC7T,focus,0,on,1664090236914
A2YRJ8QMZ6RB2F:31T4R4OBO4BL7Z6FLMVOGEG6FDZC7T,window_resize,23086,"[1536, 772]",1664090260000
A2YRJ8QMZ6RB2F:31T4R4OBO4BL7Z6FLMVOGEG6FDZC7T,window_resize,0,"[1536, 772]",1664090260000
A2YRJ8QMZ6RB2F:31T4R4OBO4BL7Z6FLMVOGEG6FDZC7T,window_resize,49949,"[1536, 864]",1664090309949
A2YRJ8QMZ6RB2F:31T4R4OBO4BL7Z6FLMVOGEG6FDZC7T,window_resize,0,"[1536, 864]",1664090309949
A35ZPVWVQBZK2O:3LUY3GC63BV41OFJQRHU0EFDEOTP7J,initialized,0,,1663936912488
A35ZPVWVQBZK2O:3LUY3GC63BV41OFJQRHU0EFDEOTP7J,window_resize,0,"[1024, 737]",1663936912488
A35ZPVWVQBZK2O:3LUY3GC63BV41OFJQRHU0EFDEOTP7J,focus,65703,off,1663936978191
A35ZPVWVQBZK2O:3LUY3GC63BV41OFJQRHU0EFDEOTP7J,focus,0,off,1663936978191
A35ZPVWVQBZK2O:3LUY3GC63BV41OFJQRHU0EFDEOTP7J,focus,100156,on,1663937078347
A35ZPVWVQBZK2O:3LUY3GC63BV41OFJQRHU0EFDEOTP7J,focus,0,on,1663937078347
A35ZPVWVQBZK2O:3LUY3GC63BV41OFJQRHU0EFDEOTP7J,focus,17810,off,1663937096157
A35ZPVWVQBZK2O:3LUY3GC63BV41OFJQRHU0EFDEOTP7J,focus,0,off,1663937096157
A35ZPVWVQBZK2O:3LUY3GC63BV41OFJQRHU0EFDEOTP7J,focus,6996,on,1663937103153
A35ZPVWVQBZK2O:3LUY3GC63BV41OFJQRHU0EFDEOTP7J,focus,0,on,1663937103153
A35ZPVWVQBZK2O:3LUY3GC63BV41OFJQRHU0EFDEOTP7J,focus,30955,off,1663937134108
A35ZPVWVQBZK2O:3LUY3GC63BV41OFJQRHU0EFDEOTP7J,focus,0,off,1663937134108
A35ZPVWVQBZK2O:3LUY3GC63BV41OFJQRHU0EFDEOTP7J,focus,2001,on,1663937136109
A35ZPVWVQBZK2O:3LUY3GC63BV41OFJQRHU0EFDEOTP7J,focus,0,on,1663937136109
A35ZPVWVQBZK2O:3LUY3GC63BV41OFJQRHU0EFDEOTP7J,window_resize,37008,"[1440, 900]",1663937173117
A35ZPVWVQBZK2O:3LUY3GC63BV41OFJQRHU0EFDEOTP7J,window_resize,2,"[1440, 900]",1663937173119
A2M6A3N739QEBR:3QECW5O0KTWN6CU7JFBH742EC3IT5C,initialized,0,,1664226438471
A2M6A3N739QEBR:3QECW5O0KTWN6CU7JFBH742EC3IT5C,window_resize,0,"[1024, 703]",1664226438471
A2M6A3N739QEBR:3QECW5O0KTWN6CU7JFBH742EC3IT5C,focus,28409,off,1664226466880
A2M6A3N739QEBR:3QECW5O0KTWN6CU7JFBH742EC3IT5C,focus,0,off,1664226466880
A2M6A3N739QEBR:3QECW5O0KTWN6CU7JFBH742EC3IT5C,focus,4989,on,1664226471869
A2M6A3N739QEBR:3QECW5O0KTWN6CU7JFBH742EC3IT5C,focus,0,on,1664226471869
A2M6A3N739QEBR:3QECW5O0KTWN6CU7JFBH742EC3IT5C,focus,7711,off,1664226479580
A2M6A3N739QEBR:3QECW5O0KTWN6CU7JFBH742EC3IT5C,focus,0,off,1664226479580
A2M6A3N739QEBR:3QECW5O0KTWN6CU7JFBH742EC3IT5C,focus,2465,on,1664226482045
A2M6A3N739QEBR:3QECW5O0KTWN6CU7JFBH742EC3IT5C,focus,1,on,1664226482046
A2M6A3N739QEBR:3QECW5O0KTWN6CU7JFBH742EC3IT5C,focus,1212,off,1664226483258
A2M6A3N739QEBR:3QECW5O0KTWN6CU7JFBH742EC3IT5C,focus,0,off,1664226483258
A2M6A3N739QEBR:3QECW5O0KTWN6CU7JFBH742EC3IT5C,focus,90587,on,1664226573845
A2M6A3N739QEBR:3QECW5O0KTWN6CU7JFBH742EC3IT5C,focus,0,on,1664226573845
A2M6A3N739QEBR:3QECW5O0KTWN6CU7JFBH742EC3IT5C,focus,4781,off,1664226578626
A2M6A3N739QEBR:3QECW5O0KTWN6CU7JFBH742EC3IT5C,focus,0,off,1664226578626
A2M6A3N739QEBR:3QECW5O0KTWN6CU7JFBH742EC3IT5C,focus,2032,on,1664226580658
A2M6A3N739QEBR:3QECW5O0KTWN6CU7JFBH742EC3IT5C,focus,0,on,1664226580658
A2M6A3N739QEBR:3QECW5O0KTWN6CU7JFBH742EC3IT5C,focus,90944,off,1664226671602
A2M6A3N739QEBR:3QECW5O0KTWN6CU7JFBH742EC3IT5C,focus,0,off,1664226671602
A2M6A3N739QEBR:3QECW5O0KTWN6CU7JFBH742EC3IT5C,focus,3324,on,1664226674926
A2M6A3N739QEBR:3QECW5O0KTWN6CU7JFBH742EC3IT5C,focus,0,on,1664226674926
A2M6A3N739QEBR:3QECW5O0KTWN6CU7JFBH742EC3IT5C,focus,15086,off,1664226690012
A2M6A3N739QEBR:3QECW5O0KTWN6CU7JFBH742EC3IT5C,focus,0,off,1664226690012
A2M6A3N739QEBR:3QECW5O0KTWN6CU7JFBH742EC3IT5C,focus,11093,on,1664226701105
A2M6A3N739QEBR:3QECW5O0KTWN6CU7JFBH742EC3IT5C,focus,0,on,1664226701105
A2M6A3N739QEBR:3QECW5O0KTWN6CU7JFBH742EC3IT5C,window_resize,59277,"[1920, 1080]",1664226760382
A2M6A3N739QEBR:3QECW5O0KTWN6CU7JFBH742EC3IT5C,window_resize,0,"[1920, 1080]",1664226760382
A2173NB4RXYT6M:37TD41K0AT47QXQ79PTZB5C22OVCST,initialized,0,,1664020964452
A2173NB4RXYT6M:37TD41K0AT47QXQ79PTZB5C22OVCST,window_resize,0,"[1024, 767]",1664020964452
A2173NB4RXYT6M:37TD41K0AT47QXQ79PTZB5C22OVCST,window_resize,425187,"[1067, 678]",1664021389639
A2173NB4RXYT6M:37TD41K0AT47QXQ79PTZB5C22OVCST,window_resize,1,"[1067, 678]",1664021389640
A2173NB4RXYT6M:37TD41K0AT47QXQ79PTZB5C22OVCST,focus,5518,off,1664021395158
A2173NB4RXYT6M:37TD41K0AT47QXQ79PTZB5C22OVCST,focus,1,off,1664021395159
A2173NB4RXYT6M:37TD41K0AT47QXQ79PTZB5C22OVCST,focus,3803,on,1664021398962
A2173NB4RXYT6M:37TD41K0AT47QXQ79PTZB5C22OVCST,focus,1,on,1664021398963
A2173NB4RXYT6M:37TD41K0AT47QXQ79PTZB5C22OVCST,window_resize,70692,"[1137, 725]",1664021469655
A2173NB4RXYT6M:37TD41K0AT47QXQ79PTZB5C22OVCST,window_resize,0,"[1137, 725]",1664021469655
A2173NB4RXYT6M:37TD41K0AT47QXQ79PTZB5C22OVCST,focus,190,off,1664021469845
A2173NB4RXYT6M:37TD41K0AT47QXQ79PTZB5C22OVCST,focus,0,off,1664021469845
A2173NB4RXYT6M:37TD41K0AT47QXQ79PTZB5C22OVCST,focus,1527,on,1664021471372
A2173NB4RXYT6M:37TD41K0AT47QXQ79PTZB5C22OVCST,focus,0,on,1664021471372
A2173NB4RXYT6M:37TD41K0AT47QXQ79PTZB5C22OVCST,focus,25989,off,1664021497361
A2173NB4RXYT6M:37TD41K0AT47QXQ79PTZB5C22OVCST,focus,0,off,1664021497361
A2173NB4RXYT6M:37TD41K0AT47QXQ79PTZB5C22OVCST,focus,9,on,1664021497370
A2173NB4RXYT6M:37TD41K0AT47QXQ79PTZB5C22OVCST,focus,1,on,1664021497371
A2173NB4RXYT6M:37TD41K0AT47QXQ79PTZB5C22OVCST,window_resize,51737,"[1920, 1080]",1664021549108
A2173NB4RXYT6M:37TD41K0AT47QXQ79PTZB5C22OVCST,window_resize,0,"[1920, 1080]",1664021549108
debugSluyz:debug1APOA,initialized,0,,1664803101934
debugSluyz:debug1APOA,window_resize,0,"[1023, 766]",1664803101934
debugSluyz:debug1APOA,window_resize,351,"[1023, 766]",1664803102285
debugSluyz:debug1APOA,window_resize,0,"[1023, 766]",1664803102285
debugSluyz:debug1APOA,focus,15068,off,1664803117353
debugSluyz:debug1APOA,focus,1,off,1664803117354
debugSluyz:debug1APOA,focus,76,on,1664803117430
debugSluyz:debug1APOA,focus,0,on,1664803117430
debugSluyz:debug1APOA,window_resize,22528,"[1920, 1080]",1664803139958
debugSluyz:debug1APOA,window_resize,1,"[1920, 1080]",1664803139959
debugSluyz:debug1APOA,focus,72997,off,1664803212956
debugSluyz:debug1APOA,focus,0,off,1664803212956
debugSluyz:debug1APOA,focus,60563,on,1664803273519
debugSluyz:debug1APOA,focus,0,on,1664803273519
debugSluyz:debug1APOA,focus,24814,off,1664803298333
debugSluyz:debug1APOA,focus,0,off,1664803298333
debugSluyz:debug1APOA,focus,23042,on,1664803321375
debugSluyz:debug1APOA,focus,1,on,1664803321376
debugSluyz:debug1APOA,window_resize,2726,"[1023, 766]",1664803324102
debugSluyz:debug1APOA,window_resize,0,"[1023, 766]",1664803324102
debugSluyz:debug1APOA,window_resize,1386,"[1920, 968]",1664803325488
debugSluyz:debug1APOA,window_resize,0,"[1920, 968]",1664803325488
debugSluyz:debug1APOA,window_resize,1895,"[1920, 1080]",1664803327383
debugSluyz:debug1APOA,window_resize,0,"[1920, 1080]",1664803327383
debugSluyz:debug1APOA,focus,6741,off,1664803334124
debugSluyz:debug1APOA,focus,0,off,1664803334124
debugSluyz:debug1APOA,focus,178008,on,1664803512132
debugSluyz:debug1APOA,focus,0,on,1664803512132
debugSluyz:debug1APOA,window_resize,16964,"[1920, 677]",1664803529096
debugSluyz:debug1APOA,window_resize,0,"[1920, 677]",1664803529096
debugSluyz:debug1APOA,focus,218,off,1664803529314
debugSluyz:debug1APOA,focus,0,off,1664803529314
debugSluyz:debug1APOA,focus,9270,on,1664803538584
debugSluyz:debug1APOA,focus,0,on,1664803538584
debugSluyz:debug1APOA,focus,1547,off,1664803540131
debugSluyz:debug1APOA,focus,0,off,1664803540131
debugSluyz:debug1APOA,focus,10849,on,1664803550980
debugSluyz:debug1APOA,focus,0,on,1664803550980
debugSluyz:debug1APOA,focus,9387,off,1664803560367
debugSluyz:debug1APOA,focus,0,off,1664803560367
debugSluyz:debug1APOA,focus,10,on,1664803560377
debugSluyz:debug1APOA,focus,0,on,1664803560377
debugSluyz:debug1APOA,focus,2,off,1664803560379
debugSluyz:debug1APOA,focus,0,off,1664803560379
debugSluyz:debug1APOA,focus,263,on,1664803560642
debugSluyz:debug1APOA,focus,0,on,1664803560642
debugSluyz:debug1APOA,window_resize,778,"[1920, 1080]",1664803561420
debugSluyz:debug1APOA,window_resize,0,"[1920, 1080]",1664803561420
debugSluyz:debug1APOA,focus,6200,off,1664803567620
debugSluyz:debug1APOA,focus,0,off,1664803567620
debugSluyz:debug1APOA,focus,223,on,1664803567843
debugSluyz:debug1APOA,focus,0,on,1664803567843
debugSluyz:debug1APOA,window_resize,346,"[1920, 690]",1664803568189
debugSluyz:debug1APOA,window_resize,0,"[1920, 690]",1664803568189
debugSluyz:debug1APOA,focus,1321,off,1664803569510
debugSluyz:debug1APOA,focus,0,off,1664803569510
debugSluyz:debug1APOA,focus,4200,on,1664803573710
debugSluyz:debug1APOA,focus,0,on,1664803573710
debugSluyz:debug1APOA,focus,8101,off,1664803581811
debugSluyz:debug1APOA,focus,0,off,1664803581811
debugSluyz:debug1APOA,focus,7180,on,1664803588991
debugSluyz:debug1APOA,focus,0,on,1664803588991
debugSluyz:debug1APOA,window_resize,8645,"[1920, 713]",1664803597636
debugSluyz:debug1APOA,window_resize,0,"[1920, 713]",1664803597636
debugSluyz:debug1APOA,focus,10751,off,1664803608387
debugSluyz:debug1APOA,focus,0,off,1664803608387
debugSluyz:debug1APOA,focus,27210,on,1664803635597
debugSluyz:debug1APOA,focus,1,on,1664803635598
debug9G1AV:debugcesBo,initialized,0,,1664784258882
debug9G1AV:debugcesBo,window_resize,0,"[1025, 691]",1664784258882
debug9G1AV:debugcesBo,focus,39604,off,1664784298486
debug9G1AV:debugcesBo,focus,1,off,1664784298487
debug9G1AV:debugcesBo,focus,339,on,1664784298826
debug9G1AV:debugcesBo,focus,0,on,1664784298826
debug9G1AV:debugcesBo,window_resize,198,"[1200, 706]",1664784299024
debug9G1AV:debugcesBo,window_resize,1,"[1200, 706]",1664784299025
debug9G1AV:debugcesBo,focus,22459,off,1664784321484
debug9G1AV:debugcesBo,focus,0,off,1664784321484
debug9G1AV:debugcesBo,focus,1311,on,1664784322795
debug9G1AV:debugcesBo,focus,1,on,1664784322796
debug9G1AV:debugcesBo,focus,31136,off,1664784353932
debug9G1AV:debugcesBo,focus,1,off,1664784353933
debug9G1AV:debugcesBo,focus,53255,on,1664784407188
debug9G1AV:debugcesBo,focus,0,on,1664784407188
debug9G1AV:debugcesBo,window_resize,7819,"[1200, 800]",1664784415007
debug9G1AV:debugcesBo,window_resize,0,"[1200, 800]",1664784415007
debugEPSNYI:debugAOXFOX,initialized,0,,1665047182472
debugEPSNYI:debugAOXFOX,window_resize,0,"[1024, 768]",1665047182472
debugEPSNYI:debugAOXFOX,focus,53237,on,1665047235709
debugEPSNYI:debugAOXFOX,focus,0,on,1665047235709
debug7YM5OA:debugJGVMUG,initialized,0,,1665052191044
debug7YM5OA:debugJGVMUG,window_resize,0,"[1024, 768]",1665052191044
debug7YM5OA:debugJGVMUG,focus,2320,off,1665052193364
debug7YM5OA:debugJGVMUG,focus,0,off,1665052193364
debug7YM5OA:debugJGVMUG,focus,1267,on,1665052194631
debug7YM5OA:debugJGVMUG,focus,0,on,1665052194631
debuggO7wi:debugkakfj,initialized,0,,1665133674071
debuggO7wi:debugkakfj,window_resize,0,"[1024, 768]",1665133674071
debuggO7wi:debugkakfj,window_resize,1915,"[461, 346]",1665133675986
debuggO7wi:debugkakfj,window_resize,0,"[461, 346]",1665133675986
debuggO7wi:debugkakfj,focus,51954,off,1665133727940
debuggO7wi:debugkakfj,focus,1,off,1665133727941
debuggO7wi:debugkakfj,focus,5359,on,1665133733300
debuggO7wi:debugkakfj,focus,0,on,1665133733300
debuggO7wi:debugkakfj,window_resize,960,"[461, 345]",1665133734260
debuggO7wi:debugkakfj,window_resize,0,"[461, 345]",1665133734260
debuggO7wi:debugkakfj,window_resize,3042,"[1152, 648]",1665133737302
debuggO7wi:debugkakfj,window_resize,0,"[1152, 648]",1665133737302
debugO2QMEJ:debugRTPH4W,initialized,0,,1665133311221
debugO2QMEJ:debugRTPH4W,window_resize,0,"[1024, 768]",1665133311221
debugO2QMEJ:debugRTPH4W,focus,31091,off,1665133342312
debugO2QMEJ:debugRTPH4W,focus,0,off,1665133342312
debugO2QMEJ:debugRTPH4W,focus,2637,on,1665133344949
debugO2QMEJ:debugRTPH4W,focus,0,on,1665133344949
debugO2QMEJ:debugRTPH4W,window_resize,28258,"[2560, 1440]",1665133373207
debugO2QMEJ:debugRTPH4W,window_resize,1,"[2560, 1440]",1665133373208
debugO2QMEJ:debugRTPH4W,focus,204619,off,1665133577827
debugO2QMEJ:debugRTPH4W,focus,0,off,1665133577827
debugO2QMEJ:debugRTPH4W,focus,1137,on,1665133578964
debugO2QMEJ:debugRTPH4W,focus,0,on,1665133578964
debugO2QMEJ:debugRTPH4W,window_resize,10403,"[1024, 768]",1665133589367
debugO2QMEJ:debugRTPH4W,window_resize,0,"[1024, 768]",1665133589367
debugZJZ458:debug4XQM2Z,initialized,0,,1665410307021
debugZJZ458:debug4XQM2Z,window_resize,0,"[1014, 590]",1665410307021
debugZJZ458:debug4XQM2Z,focus,15300,off,1665410322321
debugZJZ458:debug4XQM2Z,focus,0,off,1665410322321
debugZJZ458:debug4XQM2Z,focus,75,on,1665410322396
debugZJZ458:debug4XQM2Z,focus,0,on,1665410322396
debugZJZ458:debug4XQM2Z,window_resize,18345,"[1152, 648]",1665410340741
debugZJZ458:debug4XQM2Z,window_resize,1,"[1152, 648]",1665410340742
debugZJZ458:debug4XQM2Z,focus,30993,off,1665410371735
debugZJZ458:debug4XQM2Z,focus,0,off,1665410371735
debugZJZ458:debug4XQM2Z,focus,66,on,1665410371801
debugZJZ458:debug4XQM2Z,focus,0,on,1665410371801
debugZJZ458:debug4XQM2Z,window_resize,15844,"[2560, 1440]",1665410387645
debugZJZ458:debug4XQM2Z,window_resize,0,"[2560, 1440]",1665410387645
debugZJZ458:debug4XQM2Z,window_resize,210939,"[2253, 1312]",1665410598584
debugZJZ458:debug4XQM2Z,window_resize,0,"[2253, 1312]",1665410598584
A1J91Q9632JFK0:3X65QVEQICIKMKVHPGWYZJY7DCALCE,initialized,0,,1665453797155
A1J91Q9632JFK0:3X65QVEQICIKMKVHPGWYZJY7DCALCE,window_resize,0,"[1440, 789]",1665453797155
A1J91Q9632JFK0:3X65QVEQICIKMKVHPGWYZJY7DCALCE,focus,62267,off,1665453859422
A1J91Q9632JFK0:3X65QVEQICIKMKVHPGWYZJY7DCALCE,focus,1,off,1665453859423
A1J91Q9632JFK0:3X65QVEQICIKMKVHPGWYZJY7DCALCE,focus,1701,on,1665453861124
A1J91Q9632JFK0:3X65QVEQICIKMKVHPGWYZJY7DCALCE,focus,1,on,1665453861125
A1J91Q9632JFK0:3X65QVEQICIKMKVHPGWYZJY7DCALCE,focus,78,off,1665453861203
A1J91Q9632JFK0:3X65QVEQICIKMKVHPGWYZJY7DCALCE,focus,0,off,1665453861203
A1J91Q9632JFK0:3X65QVEQICIKMKVHPGWYZJY7DCALCE,focus,2344,on,1665453863547
A1J91Q9632JFK0:3X65QVEQICIKMKVHPGWYZJY7DCALCE,focus,0,on,1665453863547
A1J91Q9632JFK0:3X65QVEQICIKMKVHPGWYZJY7DCALCE,window_resize,19394,"[1440, 900]",1665453882941
A1J91Q9632JFK0:3X65QVEQICIKMKVHPGWYZJY7DCALCE,window_resize,0,"[1440, 900]",1665453882941
A1J91Q9632JFK0:3X65QVEQICIKMKVHPGWYZJY7DCALCE,window_resize,1025336,"[1440, 789]",1665454908277
A1J91Q9632JFK0:3X65QVEQICIKMKVHPGWYZJY7DCALCE,window_resize,1,"[1440, 789]",1665454908278
ASBMCHU3YTWFS:30MVJZJNHY8CTW0EABAUHEK75NLJ9K,initialized,0,,1666691689507
ASBMCHU3YTWFS:30MVJZJNHY8CTW0EABAUHEK75NLJ9K,window_resize,0,"[1680, 958]",1666691689507
debug1C2CID:debugCT8P3K,initialized,0,,1666687810472
debug1C2CID:debugCT8P3K,window_resize,0,"[1024, 767]",1666687810472
A231V4I32JKNTB:3A1COHJ8NVQGOLMEHJ1V559H6U3H80,initialized,0,,1665853921471
A231V4I32JKNTB:3A1COHJ8NVQGOLMEHJ1V559H6U3H80,window_resize,0,"[1024, 762]",1665853921471
A231V4I32JKNTB:3A1COHJ8NVQGOLMEHJ1V559H6U3H80,focus,170504,off,1665854091975
A231V4I32JKNTB:3A1COHJ8NVQGOLMEHJ1V559H6U3H80,focus,0,off,1665854091975
A231V4I32JKNTB:3A1COHJ8NVQGOLMEHJ1V559H6U3H80,focus,8795,on,1665854100770
A231V4I32JKNTB:3A1COHJ8NVQGOLMEHJ1V559H6U3H80,focus,1,on,1665854100771
A231V4I32JKNTB:3A1COHJ8NVQGOLMEHJ1V559H6U3H80,focus,68170,off,1665854168941
A231V4I32JKNTB:3A1COHJ8NVQGOLMEHJ1V559H6U3H80,focus,0,off,1665854168941
A231V4I32JKNTB:3A1COHJ8NVQGOLMEHJ1V559H6U3H80,focus,1446,on,1665854170387
A231V4I32JKNTB:3A1COHJ8NVQGOLMEHJ1V559H6U3H80,focus,0,on,1665854170387
A231V4I32JKNTB:3A1COHJ8NVQGOLMEHJ1V559H6U3H80,window_resize,39439,"[1440, 871]",1665854209826
A231V4I32JKNTB:3A1COHJ8NVQGOLMEHJ1V559H6U3H80,window_resize,0,"[1440, 871]",1665854209826
A231V4I32JKNTB:3A1COHJ8NVQGOLMEHJ1V559H6U3H80,window_resize,20895,"[1440, 900]",1665854230721
A231V4I32JKNTB:3A1COHJ8NVQGOLMEHJ1V559H6U3H80,window_resize,0,"[1440, 900]",1665854230721
A231V4I32JKNTB:3A1COHJ8NVQGOLMEHJ1V559H6U3H80,window_resize,515970,"[1440, 871]",1665854746691
A231V4I32JKNTB:3A1COHJ8NVQGOLMEHJ1V559H6U3H80,window_resize,1,"[1440, 871]",1665854746692
A231V4I32JKNTB:3A1COHJ8NVQGOLMEHJ1V559H6U3H80,focus,67515,off,1665854814207
A231V4I32JKNTB:3A1COHJ8NVQGOLMEHJ1V559H6U3H80,focus,0,off,1665854814207
A231V4I32JKNTB:3A1COHJ8NVQGOLMEHJ1V559H6U3H80,focus,946,on,1665854815153
A231V4I32JKNTB:3A1COHJ8NVQGOLMEHJ1V559H6U3H80,focus,0,on,1665854815153
A231V4I32JKNTB:3A1COHJ8NVQGOLMEHJ1V559H6U3H80,focus,4688,off,1665854819841
A231V4I32JKNTB:3A1COHJ8NVQGOLMEHJ1V559H6U3H80,focus,0,off,1665854819841
A231V4I32JKNTB:3A1COHJ8NVQGOLMEHJ1V559H6U3H80,focus,954,on,1665854820795
A231V4I32JKNTB:3A1COHJ8NVQGOLMEHJ1V559H6U3H80,focus,0,on,1665854820795
A36FWSBMJ6WYA3:3KRVW3HTZZGKZJ2YMENDE1HEZG9MSQ,initialized,0,,1665998118392
A36FWSBMJ6WYA3:3KRVW3HTZZGKZJ2YMENDE1HEZG9MSQ,window_resize,0,"[1024, 768]",1665998118392
A36FWSBMJ6WYA3:3KRVW3HTZZGKZJ2YMENDE1HEZG9MSQ,focus,32338,off,1665998150730
A36FWSBMJ6WYA3:3KRVW3HTZZGKZJ2YMENDE1HEZG9MSQ,focus,0,off,1665998150730
A36FWSBMJ6WYA3:3KRVW3HTZZGKZJ2YMENDE1HEZG9MSQ,focus,58,on,1665998150788
A36FWSBMJ6WYA3:3KRVW3HTZZGKZJ2YMENDE1HEZG9MSQ,focus,0,on,1665998150788
A36FWSBMJ6WYA3:3KRVW3HTZZGKZJ2YMENDE1HEZG9MSQ,focus,11273,off,1665998162061
A36FWSBMJ6WYA3:3KRVW3HTZZGKZJ2YMENDE1HEZG9MSQ,focus,0,off,1665998162061
A36FWSBMJ6WYA3:3KRVW3HTZZGKZJ2YMENDE1HEZG9MSQ,window_resize,13701,"[1920, 1080]",1665998175762
A36FWSBMJ6WYA3:3KRVW3HTZZGKZJ2YMENDE1HEZG9MSQ,window_resize,0,"[1920, 1080]",1665998175762
A36FWSBMJ6WYA3:3KRVW3HTZZGKZJ2YMENDE1HEZG9MSQ,focus,2148,off,1665998177910
A36FWSBMJ6WYA3:3KRVW3HTZZGKZJ2YMENDE1HEZG9MSQ,focus,0,off,1665998177910
A36FWSBMJ6WYA3:3KRVW3HTZZGKZJ2YMENDE1HEZG9MSQ,focus,312,on,1665998178222
A36FWSBMJ6WYA3:3KRVW3HTZZGKZJ2YMENDE1HEZG9MSQ,focus,0,on,1665998178222
A36FWSBMJ6WYA3:3KRVW3HTZZGKZJ2YMENDE1HEZG9MSQ,window_resize,228,"[1024, 768]",1665998178450
A36FWSBMJ6WYA3:3KRVW3HTZZGKZJ2YMENDE1HEZG9MSQ,window_resize,0,"[1024, 768]",1665998178450
A2FT5C3Q8CLYV0:33PPUNGG3K08XB14MED2WT8RS6DZRD,initialized,0,,1665749895626
A2FT5C3Q8CLYV0:33PPUNGG3K08XB14MED2WT8RS6DZRD,window_resize,0,"[1024, 768]",1665749895626
A2FT5C3Q8CLYV0:33PPUNGG3K08XB14MED2WT8RS6DZRD,focus,92042,off,1665749987668
A2FT5C3Q8CLYV0:33PPUNGG3K08XB14MED2WT8RS6DZRD,focus,1,off,1665749987669
A2FT5C3Q8CLYV0:33PPUNGG3K08XB14MED2WT8RS6DZRD,focus,2046,on,1665749989715
A2FT5C3Q8CLYV0:33PPUNGG3K08XB14MED2WT8RS6DZRD,focus,0,on,1665749989715
A2FT5C3Q8CLYV0:33PPUNGG3K08XB14MED2WT8RS6DZRD,focus,157703,off,1665750147418
A2FT5C3Q8CLYV0:33PPUNGG3K08XB14MED2WT8RS6DZRD,focus,0,off,1665750147418
A2FT5C3Q8CLYV0:33PPUNGG3K08XB14MED2WT8RS6DZRD,focus,5448,on,1665750152866
A2FT5C3Q8CLYV0:33PPUNGG3K08XB14MED2WT8RS6DZRD,focus,0,on,1665750152866
A2FT5C3Q8CLYV0:33PPUNGG3K08XB14MED2WT8RS6DZRD,focus,7562,off,1665750160428
A2FT5C3Q8CLYV0:33PPUNGG3K08XB14MED2WT8RS6DZRD,focus,0,off,1665750160428
A2FT5C3Q8CLYV0:33PPUNGG3K08XB14MED2WT8RS6DZRD,focus,79,on,1665750160507
A2FT5C3Q8CLYV0:33PPUNGG3K08XB14MED2WT8RS6DZRD,focus,0,on,1665750160507
A2FT5C3Q8CLYV0:33PPUNGG3K08XB14MED2WT8RS6DZRD,focus,17087,off,1665750177594
A2FT5C3Q8CLYV0:33PPUNGG3K08XB14MED2WT8RS6DZRD,focus,0,off,1665750177594
A2FT5C3Q8CLYV0:33PPUNGG3K08XB14MED2WT8RS6DZRD,focus,1,on,1665750177595
A2FT5C3Q8CLYV0:33PPUNGG3K08XB14MED2WT8RS6DZRD,focus,0,on,1665750177595
A2FT5C3Q8CLYV0:33PPUNGG3K08XB14MED2WT8RS6DZRD,window_resize,577,"[2560, 1336]",1665750178172
A2FT5C3Q8CLYV0:33PPUNGG3K08XB14MED2WT8RS6DZRD,window_resize,0,"[2560, 1336]",1665750178172
A2FT5C3Q8CLYV0:33PPUNGG3K08XB14MED2WT8RS6DZRD,window_resize,40933,"[2560, 1440]",1665750219105
A2FT5C3Q8CLYV0:33PPUNGG3K08XB14MED2WT8RS6DZRD,window_resize,0,"[2560, 1440]",1665750219105
A2FT5C3Q8CLYV0:33PPUNGG3K08XB14MED2WT8RS6DZRD,window_resize,514007,"[2560, 1336]",1665750733112
A2FT5C3Q8CLYV0:33PPUNGG3K08XB14MED2WT8RS6DZRD,window_resize,0,"[2560, 1336]",1665750733112
A3RYA69KHGEZF8:3TPWUS5F8LW0XE7GTU308UFNCM7WCI,initialized,0,,1666102850900
A3RYA69KHGEZF8:3TPWUS5F8LW0XE7GTU308UFNCM7WCI,window_resize,0,"[1028, 778]",1666102850900
A3RYA69KHGEZF8:3TPWUS5F8LW0XE7GTU308UFNCM7WCI,focus,99293,off,1666102950193
A3RYA69KHGEZF8:3TPWUS5F8LW0XE7GTU308UFNCM7WCI,focus,0,off,1666102950193
A3RYA69KHGEZF8:3TPWUS5F8LW0XE7GTU308UFNCM7WCI,focus,2265,on,1666102952458
A3RYA69KHGEZF8:3TPWUS5F8LW0XE7GTU308UFNCM7WCI,focus,0,on,1666102952458
A3RYA69KHGEZF8:3TPWUS5F8LW0XE7GTU308UFNCM7WCI,window_resize,81882,"[2048, 1152]",1666103034340
A3RYA69KHGEZF8:3TPWUS5F8LW0XE7GTU308UFNCM7WCI,window_resize,0,"[2048, 1152]",1666103034340
A3RYA69KHGEZF8:3TPWUS5F8LW0XE7GTU308UFNCM7WCI,focus,579372,off,1666103613712
A3RYA69KHGEZF8:3TPWUS5F8LW0XE7GTU308UFNCM7WCI,focus,0,off,1666103613712
A3RYA69KHGEZF8:3TPWUS5F8LW0XE7GTU308UFNCM7WCI,focus,155,on,1666103613867
A3RYA69KHGEZF8:3TPWUS5F8LW0XE7GTU308UFNCM7WCI,focus,0,on,1666103613867
A3RYA69KHGEZF8:3TPWUS5F8LW0XE7GTU308UFNCM7WCI,window_resize,630715,"[1028, 778]",1666104244582
A3RYA69KHGEZF8:3TPWUS5F8LW0XE7GTU308UFNCM7WCI,window_resize,0,"[1028, 778]",1666104244582
A1VXDD6BFF97OF:3YOH7BII0L251NJZVXF2AB9HB4YKVU,initialized,0,,1666695345840
A1VXDD6BFF97OF:3YOH7BII0L251NJZVXF2AB9HB4YKVU,window_resize,0,"[1371, 708]",1666695345840
A1VXDD6BFF97OF:3YOH7BII0L251NJZVXF2AB9HB4YKVU,focus,101525,off,1666695447365
A1VXDD6BFF97OF:3YOH7BII0L251NJZVXF2AB9HB4YKVU,focus,0,off,1666695447365
A1VXDD6BFF97OF:3YOH7BII0L251NJZVXF2AB9HB4YKVU,focus,2471,on,1666695449836
A1VXDD6BFF97OF:3YOH7BII0L251NJZVXF2AB9HB4YKVU,focus,0,on,1666695449836
A1VXDD6BFF97OF:3YOH7BII0L251NJZVXF2AB9HB4YKVU,window_resize,36904,"[1371, 771]",1666695486740
A1VXDD6BFF97OF:3YOH7BII0L251NJZVXF2AB9HB4YKVU,window_resize,1,"[1371, 771]",1666695486741
A2Y5O5J1345CPK:3YOH7BII0L251NJZVXF2AB9HB4YKVU,initialized,0,,1666692851063
A2Y5O5J1345CPK:3YOH7BII0L251NJZVXF2AB9HB4YKVU,window_resize,0,"[1024, 660]",1666692851063
A3AVIN9AIGC7XZ:3HMIGG0U4X12AGC3RJ5JR54KXB18YI,initialized,0,,1666194546493
A3AVIN9AIGC7XZ:3HMIGG0U4X12AGC3RJ5JR54KXB18YI,window_resize,0,"[1024, 767]",1666194546493
A3AVIN9AIGC7XZ:3HMIGG0U4X12AGC3RJ5JR54KXB18YI,focus,43649,off,1666194590142
A3AVIN9AIGC7XZ:3HMIGG0U4X12AGC3RJ5JR54KXB18YI,focus,0,off,1666194590142
A3AVIN9AIGC7XZ:3HMIGG0U4X12AGC3RJ5JR54KXB18YI,focus,2203,on,1666194592345
A3AVIN9AIGC7XZ:3HMIGG0U4X12AGC3RJ5JR54KXB18YI,focus,0,on,1666194592345
A3AVIN9AIGC7XZ:3HMIGG0U4X12AGC3RJ5JR54KXB18YI,focus,16449,off,1666194608794
A3AVIN9AIGC7XZ:3HMIGG0U4X12AGC3RJ5JR54KXB18YI,focus,0,off,1666194608794
A3AVIN9AIGC7XZ:3HMIGG0U4X12AGC3RJ5JR54KXB18YI,focus,618,on,1666194609412
A3AVIN9AIGC7XZ:3HMIGG0U4X12AGC3RJ5JR54KXB18YI,focus,1,on,1666194609413
A3AVIN9AIGC7XZ:3HMIGG0U4X12AGC3RJ5JR54KXB18YI,window_resize,1926,"[1920, 980]",1666194611339
A3AVIN9AIGC7XZ:3HMIGG0U4X12AGC3RJ5JR54KXB18YI,window_resize,0,"[1920, 980]",1666194611339
A3AVIN9AIGC7XZ:3HMIGG0U4X12AGC3RJ5JR54KXB18YI,window_resize,4484,"[1920, 1080]",1666194615823
A3AVIN9AIGC7XZ:3HMIGG0U4X12AGC3RJ5JR54KXB18YI,window_resize,0,"[1920, 1080]",1666194615823
A3AVIN9AIGC7XZ:3HMIGG0U4X12AGC3RJ5JR54KXB18YI,window_resize,553235,"[1920, 980]",1666195169058
A3AVIN9AIGC7XZ:3HMIGG0U4X12AGC3RJ5JR54KXB18YI,window_resize,0,"[1920, 980]",1666195169058
A2QY8FPJGRJU6M:3YOH7BII0L251NJZVXF2AB9HB4YKVU,initialized,0,,1666695160217
A2QY8FPJGRJU6M:3YOH7BII0L251NJZVXF2AB9HB4YKVU,window_resize,0,"[1024, 671]",1666695160217
A2QY8FPJGRJU6M:3YOH7BII0L251NJZVXF2AB9HB4YKVU,focus,484,off,1666695160701
A2QY8FPJGRJU6M:3YOH7BII0L251NJZVXF2AB9HB4YKVU,focus,0,off,1666695160701
A2QY8FPJGRJU6M:3YOH7BII0L251NJZVXF2AB9HB4YKVU,focus,2,on,1666695160703
A2QY8FPJGRJU6M:3YOH7BII0L251NJZVXF2AB9HB4YKVU,focus,0,on,1666695160703
AX8NXTT8QMGHC:3AAJC4I4FSNRZNIRE94TU2M0KVWJZW,initialized,0,,1666724589662
AX8NXTT8QMGHC:3AAJC4I4FSNRZNIRE94TU2M0KVWJZW,window_resize,0,"[1440, 789]",1666724589662
AX8NXTT8QMGHC:3AAJC4I4FSNRZNIRE94TU2M0KVWJZW,focus,187,off,1666724589849
AX8NXTT8QMGHC:3AAJC4I4FSNRZNIRE94TU2M0KVWJZW,focus,0,off,1666724589849
AX8NXTT8QMGHC:3AAJC4I4FSNRZNIRE94TU2M0KVWJZW,focus,5917,on,1666724595766
AX8NXTT8QMGHC:3AAJC4I4FSNRZNIRE94TU2M0KVWJZW,focus,0,on,1666724595766
A3EQBJCYHXZWNL:3YOH7BII0L251NJZVXF2AB9HB4YKVU,initialized,0,,1666699016605
A3EQBJCYHXZWNL:3YOH7BII0L251NJZVXF2AB9HB4YKVU,window_resize,0,"[1026, 660]",1666699016605
A3OZ8KF0HWSVWK:3KKG4CDWKUTMQEHT74NQBCVONRG491,initialized,0,,1666697192630
A3OZ8KF0HWSVWK:3KKG4CDWKUTMQEHT74NQBCVONRG491,window_resize,0,"[1024, 649]",1666697192630
A3OZ8KF0HWSVWK:3KKG4CDWKUTMQEHT74NQBCVONRG491,window_resize,9587,"[1366, 657]",1666697202217
A3OZ8KF0HWSVWK:3KKG4CDWKUTMQEHT74NQBCVONRG491,window_resize,0,"[1366, 657]",1666697202217
A3OZ8KF0HWSVWK:3KKG4CDWKUTMQEHT74NQBCVONRG491,window_resize,3465,"[1366, 768]",1666697205682
A3OZ8KF0HWSVWK:3KKG4CDWKUTMQEHT74NQBCVONRG491,window_resize,0,"[1366, 768]",1666697205682
A3OZ8KF0HWSVWK:3KKG4CDWKUTMQEHT74NQBCVONRG491,focus,170240,off,1666697375922
A3OZ8KF0HWSVWK:3KKG4CDWKUTMQEHT74NQBCVONRG491,focus,0,off,1666697375922
A3OZ8KF0HWSVWK:3KKG4CDWKUTMQEHT74NQBCVONRG491,focus,2546,on,1666697378468
A3OZ8KF0HWSVWK:3KKG4CDWKUTMQEHT74NQBCVONRG491,focus,0,on,1666697378468
A3OZ8KF0HWSVWK:3KKG4CDWKUTMQEHT74NQBCVONRG491,focus,41767,off,1666697420235
A3OZ8KF0HWSVWK:3KKG4CDWKUTMQEHT74NQBCVONRG491,focus,1,off,1666697420236
A3OZ8KF0HWSVWK:3KKG4CDWKUTMQEHT74NQBCVONRG491,focus,6,on,1666697420242
A3OZ8KF0HWSVWK:3KKG4CDWKUTMQEHT74NQBCVONRG491,focus,1,on,1666697420243
AR8YVREKFRP4C:3TE3O8573C3IR0YSX74O9IYK9ZV2RV,initialized,0,,1666700188389
AR8YVREKFRP4C:3TE3O8573C3IR0YSX74O9IYK9ZV2RV,window_resize,0,"[1024, 660]",1666700188389
A1XWXMST0UBT7W:3PJ71Z61RGX5YFKAKM4ODEOLBCF91C,initialized,0,,1666734301496
A1XWXMST0UBT7W:3PJ71Z61RGX5YFKAKM4ODEOLBCF91C,window_resize,0,"[1440, 821]",1666734301496
A1XWXMST0UBT7W:3PJ71Z61RGX5YFKAKM4ODEOLBCF91C,focus,74351,off,1666734375847
A1XWXMST0UBT7W:3PJ71Z61RGX5YFKAKM4ODEOLBCF91C,focus,1,off,1666734375848
A1XWXMST0UBT7W:3PJ71Z61RGX5YFKAKM4ODEOLBCF91C,focus,14903,on,1666734390751
A1XWXMST0UBT7W:3PJ71Z61RGX5YFKAKM4ODEOLBCF91C,focus,0,on,1666734390751
A1XWXMST0UBT7W:3PJ71Z61RGX5YFKAKM4ODEOLBCF91C,focus,1295,off,1666734392046
A1XWXMST0UBT7W:3PJ71Z61RGX5YFKAKM4ODEOLBCF91C,focus,0,off,1666734392046
A1XWXMST0UBT7W:3PJ71Z61RGX5YFKAKM4ODEOLBCF91C,focus,1155,on,1666734393201
A1XWXMST0UBT7W:3PJ71Z61RGX5YFKAKM4ODEOLBCF91C,focus,0,on,1666734393201
A1XWXMST0UBT7W:3PJ71Z61RGX5YFKAKM4ODEOLBCF91C,window_resize,23956,"[1440, 900]",1666734417157
A1XWXMST0UBT7W:3PJ71Z61RGX5YFKAKM4ODEOLBCF91C,window_resize,0,"[1440, 900]",1666734417157
AU34T9OMHN4Z4:3MX2NQ3YCLPUNT3ROPCEW7NKUTL5XF,initialized,0,,1666724051871
AU34T9OMHN4Z4:3MX2NQ3YCLPUNT3ROPCEW7NKUTL5XF,window_resize,0,"[1024, 767]",1666724051871
AU34T9OMHN4Z4:3MX2NQ3YCLPUNT3ROPCEW7NKUTL5XF,focus,3977,off,1666724055848
AU34T9OMHN4Z4:3MX2NQ3YCLPUNT3ROPCEW7NKUTL5XF,focus,1,off,1666724055849
AU34T9OMHN4Z4:3MX2NQ3YCLPUNT3ROPCEW7NKUTL5XF,focus,41633,on,1666724097482
AU34T9OMHN4Z4:3MX2NQ3YCLPUNT3ROPCEW7NKUTL5XF,focus,0,on,1666724097482
AU34T9OMHN4Z4:3MX2NQ3YCLPUNT3ROPCEW7NKUTL5XF,focus,23381,off,1666724120863
AU34T9OMHN4Z4:3MX2NQ3YCLPUNT3ROPCEW7NKUTL5XF,focus,0,off,1666724120863
AU34T9OMHN4Z4:3MX2NQ3YCLPUNT3ROPCEW7NKUTL5XF,focus,68572,on,1666724189435
AU34T9OMHN4Z4:3MX2NQ3YCLPUNT3ROPCEW7NKUTL5XF,focus,1,on,1666724189436
AU34T9OMHN4Z4:3MX2NQ3YCLPUNT3ROPCEW7NKUTL5XF,focus,649,off,1666724190085
AU34T9OMHN4Z4:3MX2NQ3YCLPUNT3ROPCEW7NKUTL5XF,focus,0,off,1666724190085
AU34T9OMHN4Z4:3MX2NQ3YCLPUNT3ROPCEW7NKUTL5XF,focus,125610,on,1666724315695
AU34T9OMHN4Z4:3MX2NQ3YCLPUNT3ROPCEW7NKUTL5XF,focus,0,on,1666724315695
AU34T9OMHN4Z4:3MX2NQ3YCLPUNT3ROPCEW7NKUTL5XF,window_resize,4338,"[1920, 988]",1666724320033
AU34T9OMHN4Z4:3MX2NQ3YCLPUNT3ROPCEW7NKUTL5XF,window_resize,0,"[1920, 988]",1666724320033
AU34T9OMHN4Z4:3MX2NQ3YCLPUNT3ROPCEW7NKUTL5XF,focus,69704,off,1666724389737
AU34T9OMHN4Z4:3MX2NQ3YCLPUNT3ROPCEW7NKUTL5XF,focus,1,off,1666724389738
AU34T9OMHN4Z4:3MX2NQ3YCLPUNT3ROPCEW7NKUTL5XF,focus,2015,on,1666724391753
AU34T9OMHN4Z4:3MX2NQ3YCLPUNT3ROPCEW7NKUTL5XF,focus,0,on,1666724391753
AU34T9OMHN4Z4:3MX2NQ3YCLPUNT3ROPCEW7NKUTL5XF,window_resize,22848,"[1920, 1080]",1666724414601
AU34T9OMHN4Z4:3MX2NQ3YCLPUNT3ROPCEW7NKUTL5XF,window_resize,0,"[1920, 1080]",1666724414601
A3VSX67AOEYERX:3LJ7UR74RT87FGLN8E6VTDQ8SIL4NS,initialized,0,,1666719261190
A3VSX67AOEYERX:3LJ7UR74RT87FGLN8E6VTDQ8SIL4NS,window_resize,0,"[1366, 676]",1666719261190
A2I5FPXO9KAVBT:3LJ7UR74RT87FGLN8E6VTDQ8SIL4NS,initialized,0,,1666723446807
A2I5FPXO9KAVBT:3LJ7UR74RT87FGLN8E6VTDQ8SIL4NS,window_resize,1,"[1024, 767]",1666723446808
AQRKP48O0WKBW:3KB8R4ZV1Q2LQNPA0P3NB7NH1YGBGX,initialized,0,,1666715982292
AQRKP48O0WKBW:3KB8R4ZV1Q2LQNPA0P3NB7NH1YGBGX,window_resize,0,"[1028, 750]",1666715982292
AQRKP48O0WKBW:3KB8R4ZV1Q2LQNPA0P3NB7NH1YGBGX,focus,283,off,1666715982575
AQRKP48O0WKBW:3KB8R4ZV1Q2LQNPA0P3NB7NH1YGBGX,focus,0,off,1666715982575
AQRKP48O0WKBW:3KB8R4ZV1Q2LQNPA0P3NB7NH1YGBGX,focus,1,on,1666715982576
AQRKP48O0WKBW:3KB8R4ZV1Q2LQNPA0P3NB7NH1YGBGX,focus,0,on,1666715982576
AQRKP48O0WKBW:3KB8R4ZV1Q2LQNPA0P3NB7NH1YGBGX,focus,0,off,1666715982576
AQRKP48O0WKBW:3KB8R4ZV1Q2LQNPA0P3NB7NH1YGBGX,focus,0,off,1666715982576
AQRKP48O0WKBW:3KB8R4ZV1Q2LQNPA0P3NB7NH1YGBGX,focus,0,on,1666715982576
AQRKP48O0WKBW:3KB8R4ZV1Q2LQNPA0P3NB7NH1YGBGX,focus,0,on,1666715982576
AQRKP48O0WKBW:3KB8R4ZV1Q2LQNPA0P3NB7NH1YGBGX,focus,1,off,1666715982577
AQRKP48O0WKBW:3KB8R4ZV1Q2LQNPA0P3NB7NH1YGBGX,focus,0,off,1666715982577
AQRKP48O0WKBW:3KB8R4ZV1Q2LQNPA0P3NB7NH1YGBGX,focus,0,on,1666715982577
AQRKP48O0WKBW:3KB8R4ZV1Q2LQNPA0P3NB7NH1YGBGX,focus,0,on,1666715982577
AQRKP48O0WKBW:3KB8R4ZV1Q2LQNPA0P3NB7NH1YGBGX,focus,0,off,1666715982577
AQRKP48O0WKBW:3KB8R4ZV1Q2LQNPA0P3NB7NH1YGBGX,focus,0,off,1666715982577
AQRKP48O0WKBW:3KB8R4ZV1Q2LQNPA0P3NB7NH1YGBGX,focus,0,on,1666715982577
AQRKP48O0WKBW:3KB8R4ZV1Q2LQNPA0P3NB7NH1YGBGX,focus,0,on,1666715982577
AQRKP48O0WKBW:3KB8R4ZV1Q2LQNPA0P3NB7NH1YGBGX,window_resize,213,"[1066, 702]",1666715982790
AQRKP48O0WKBW:3KB8R4ZV1Q2LQNPA0P3NB7NH1YGBGX,window_resize,0,"[1066, 702]",1666715982790
AQRKP48O0WKBW:3KB8R4ZV1Q2LQNPA0P3NB7NH1YGBGX,focus,1332,off,1666715984122
AQRKP48O0WKBW:3KB8R4ZV1Q2LQNPA0P3NB7NH1YGBGX,focus,0,off,1666715984122
AQRKP48O0WKBW:3KB8R4ZV1Q2LQNPA0P3NB7NH1YGBGX,focus,2768,on,1666715986890
AQRKP48O0WKBW:3KB8R4ZV1Q2LQNPA0P3NB7NH1YGBGX,focus,0,on,1666715986890
AQRKP48O0WKBW:3KB8R4ZV1Q2LQNPA0P3NB7NH1YGBGX,focus,78531,off,1666716065421
AQRKP48O0WKBW:3KB8R4ZV1Q2LQNPA0P3NB7NH1YGBGX,focus,0,off,1666716065421
AQRKP48O0WKBW:3KB8R4ZV1Q2LQNPA0P3NB7NH1YGBGX,focus,2393,on,1666716067814
AQRKP48O0WKBW:3KB8R4ZV1Q2LQNPA0P3NB7NH1YGBGX,focus,0,on,1666716067814
AQRKP48O0WKBW:3KB8R4ZV1Q2LQNPA0P3NB7NH1YGBGX,window_resize,60844,"[1536, 714]",1666716128658
AQRKP48O0WKBW:3KB8R4ZV1Q2LQNPA0P3NB7NH1YGBGX,window_resize,0,"[1536, 714]",1666716128658
AQRKP48O0WKBW:3KB8R4ZV1Q2LQNPA0P3NB7NH1YGBGX,window_resize,6944,"[1536, 864]",1666716135602
AQRKP48O0WKBW:3KB8R4ZV1Q2LQNPA0P3NB7NH1YGBGX,window_resize,0,"[1536, 864]",1666716135602
AQRKP48O0WKBW:3KB8R4ZV1Q2LQNPA0P3NB7NH1YGBGX,window_resize,516024,"[1536, 714]",1666716651626
AQRKP48O0WKBW:3KB8R4ZV1Q2LQNPA0P3NB7NH1YGBGX,window_resize,0,"[1536, 714]",1666716651626
A6MWJK1YEY5L2:30ZX6P7VFKQ1TCFFP2VF7RCTZMJ2JT,initialized,0,,1666729404137
A6MWJK1YEY5L2:30ZX6P7VFKQ1TCFFP2VF7RCTZMJ2JT,window_resize,0,"[1024, 767]",1666729404137
A6MWJK1YEY5L2:30ZX6P7VFKQ1TCFFP2VF7RCTZMJ2JT,focus,173360,off,1666729577497
A6MWJK1YEY5L2:30ZX6P7VFKQ1TCFFP2VF7RCTZMJ2JT,focus,0,off,1666729577497
A6MWJK1YEY5L2:30ZX6P7VFKQ1TCFFP2VF7RCTZMJ2JT,focus,3122,on,1666729580619
A6MWJK1YEY5L2:30ZX6P7VFKQ1TCFFP2VF7RCTZMJ2JT,focus,0,on,1666729580619
A6MWJK1YEY5L2:30ZX6P7VFKQ1TCFFP2VF7RCTZMJ2JT,window_resize,52132,"[1680, 1050]",1666729632751
A6MWJK1YEY5L2:30ZX6P7VFKQ1TCFFP2VF7RCTZMJ2JT,window_resize,0,"[1680, 1050]",1666729632751
A6MWJK1YEY5L2:30ZX6P7VFKQ1TCFFP2VF7RCTZMJ2JT,focus,412097,off,1666730044848
A6MWJK1YEY5L2:30ZX6P7VFKQ1TCFFP2VF7RCTZMJ2JT,focus,0,off,1666730044848
A6MWJK1YEY5L2:30ZX6P7VFKQ1TCFFP2VF7RCTZMJ2JT,focus,20288,on,1666730065136
A6MWJK1YEY5L2:30ZX6P7VFKQ1TCFFP2VF7RCTZMJ2JT,focus,0,on,1666730065136
A1IQ2OWO6GOB4:3LJ7UR74RT87FGLN8E6VTDQ8SIL4NS,initialized,0,,1666248726043
A1IQ2OWO6GOB4:3LJ7UR74RT87FGLN8E6VTDQ8SIL4NS,window_resize,0,"[1024, 767]",1666248726043
A35G7D3U8661X0:3LJ7UR74RT87FGLN8E6VTDQ8SIL4NS,initialized,0,,1666720359328
A35G7D3U8661X0:3LJ7UR74RT87FGLN8E6VTDQ8SIL4NS,window_resize,0,"[1024, 767]",1666720359328
A3785TR8D5I81Q:3JZQSN0I325B341Q5RPJUXE2GYTFG8,initialized,0,,1666735101649
A3785TR8D5I81Q:3JZQSN0I325B341Q5RPJUXE2GYTFG8,window_resize,0,"[1536, 752]",1666735101649
A3785TR8D5I81Q:3JZQSN0I325B341Q5RPJUXE2GYTFG8,focus,276039,off,1666735377688
A3785TR8D5I81Q:3JZQSN0I325B341Q5RPJUXE2GYTFG8,focus,0,off,1666735377688
A3785TR8D5I81Q:3JZQSN0I325B341Q5RPJUXE2GYTFG8,focus,110,on,1666735377798
A3785TR8D5I81Q:3JZQSN0I325B341Q5RPJUXE2GYTFG8,focus,0,on,1666735377798
A3785TR8D5I81Q:3JZQSN0I325B341Q5RPJUXE2GYTFG8,window_resize,68954,"[1536, 864]",1666735446752
A3785TR8D5I81Q:3JZQSN0I325B341Q5RPJUXE2GYTFG8,window_resize,2,"[1536, 864]",1666735446754
A3785TR8D5I81Q:3JZQSN0I325B341Q5RPJUXE2GYTFG8,window_resize,926451,"[1536, 752]",1666736373205
A3785TR8D5I81Q:3JZQSN0I325B341Q5RPJUXE2GYTFG8,window_resize,1,"[1536, 752]",1666736373206
A1KR5B9ABZ7U4O:3L2IS5HSFMD6WEF2NKXD6HO2R09NU8,initialized,0,,1666757906100
A1KR5B9ABZ7U4O:3L2IS5HSFMD6WEF2NKXD6HO2R09NU8,window_resize,0,"[1024, 660]",1666757906100
A1KR5B9ABZ7U4O:3L2IS5HSFMD6WEF2NKXD6HO2R09NU8,focus,72053,off,1666757978153
A1KR5B9ABZ7U4O:3L2IS5HSFMD6WEF2NKXD6HO2R09NU8,focus,0,off,1666757978153
A1KR5B9ABZ7U4O:3L2IS5HSFMD6WEF2NKXD6HO2R09NU8,focus,55888,on,1666758034041
A1KR5B9ABZ7U4O:3L2IS5HSFMD6WEF2NKXD6HO2R09NU8,focus,1,on,1666758034042
A22VA7BYJCQX9H:3JZQSN0I325B341Q5RPJUXE2GYTFG8,initialized,0,,1666733732014
A22VA7BYJCQX9H:3JZQSN0I325B341Q5RPJUXE2GYTFG8,window_resize,0,"[1024, 660]",1666733732014
AZBJ3AH4LMJW9:3JZQSN0I325B341Q5RPJUXE2GYTFG8,initialized,0,,1666733868785
AZBJ3AH4LMJW9:3JZQSN0I325B341Q5RPJUXE2GYTFG8,window_resize,0,"[1366, 676]",1666733868785
AZBJ3AH4LMJW9:3JZQSN0I325B341Q5RPJUXE2GYTFG8,focus,14557,off,1666733883342
AZBJ3AH4LMJW9:3JZQSN0I325B341Q5RPJUXE2GYTFG8,focus,0,off,1666733883342
AZBJ3AH4LMJW9:3JZQSN0I325B341Q5RPJUXE2GYTFG8,focus,3957,on,1666733887299
AZBJ3AH4LMJW9:3JZQSN0I325B341Q5RPJUXE2GYTFG8,focus,4,on,1666733887303
A5P5BCZ0IHGTT:3YDGXNSEOBPMC9YJ2CHCBG0D3QO48C,initialized,0,,1666742855395
A5P5BCZ0IHGTT:3YDGXNSEOBPMC9YJ2CHCBG0D3QO48C,window_resize,0,"[1024, 754]",1666742855395
A5P5BCZ0IHGTT:3YDGXNSEOBPMC9YJ2CHCBG0D3QO48C,focus,113389,off,1666742968784
A5P5BCZ0IHGTT:3YDGXNSEOBPMC9YJ2CHCBG0D3QO48C,focus,0,off,1666742968784
A5P5BCZ0IHGTT:3YDGXNSEOBPMC9YJ2CHCBG0D3QO48C,focus,2377,on,1666742971161
A5P5BCZ0IHGTT:3YDGXNSEOBPMC9YJ2CHCBG0D3QO48C,focus,0,on,1666742971161
A5P5BCZ0IHGTT:3YDGXNSEOBPMC9YJ2CHCBG0D3QO48C,window_resize,3713,"[1440, 871]",1666742974874
A5P5BCZ0IHGTT:3YDGXNSEOBPMC9YJ2CHCBG0D3QO48C,window_resize,0,"[1440, 871]",1666742974874
A5P5BCZ0IHGTT:3YDGXNSEOBPMC9YJ2CHCBG0D3QO48C,focus,1803,off,1666742976677
A5P5BCZ0IHGTT:3YDGXNSEOBPMC9YJ2CHCBG0D3QO48C,focus,1,off,1666742976678
A5P5BCZ0IHGTT:3YDGXNSEOBPMC9YJ2CHCBG0D3QO48C,focus,1655,on,1666742978333
A5P5BCZ0IHGTT:3YDGXNSEOBPMC9YJ2CHCBG0D3QO48C,focus,0,on,1666742978333
A5P5BCZ0IHGTT:3YDGXNSEOBPMC9YJ2CHCBG0D3QO48C,window_resize,57601,"[1440, 900]",1666743035934
A5P5BCZ0IHGTT:3YDGXNSEOBPMC9YJ2CHCBG0D3QO48C,window_resize,0,"[1440, 900]",1666743035934
A5P5BCZ0IHGTT:3YDGXNSEOBPMC9YJ2CHCBG0D3QO48C,window_resize,530879,"[1440, 871]",1666743566813
A5P5BCZ0IHGTT:3YDGXNSEOBPMC9YJ2CHCBG0D3QO48C,window_resize,0,"[1440, 871]",1666743566813
A3RDT5DH21PVAR:33F859I56I8ZQJKLKVL5W7ZIG1KHBZ,initialized,0,,1666736057604
A3RDT5DH21PVAR:33F859I56I8ZQJKLKVL5W7ZIG1KHBZ,window_resize,0,"[1366, 657]",1666736057604
A3RDT5DH21PVAR:33F859I56I8ZQJKLKVL5W7ZIG1KHBZ,focus,25445,off,1666736083049
A3RDT5DH21PVAR:33F859I56I8ZQJKLKVL5W7ZIG1KHBZ,focus,1,off,1666736083050
A3RDT5DH21PVAR:33F859I56I8ZQJKLKVL5W7ZIG1KHBZ,focus,40824,on,1666736123874
A3RDT5DH21PVAR:33F859I56I8ZQJKLKVL5W7ZIG1KHBZ,focus,0,on,1666736123874
A3RDT5DH21PVAR:33F859I56I8ZQJKLKVL5W7ZIG1KHBZ,focus,21418,off,1666736145292
A3RDT5DH21PVAR:33F859I56I8ZQJKLKVL5W7ZIG1KHBZ,focus,0,off,1666736145292
A3RDT5DH21PVAR:33F859I56I8ZQJKLKVL5W7ZIG1KHBZ,focus,3797,on,1666736149089
A3RDT5DH21PVAR:33F859I56I8ZQJKLKVL5W7ZIG1KHBZ,focus,0,on,1666736149089
A3RDT5DH21PVAR:33F859I56I8ZQJKLKVL5W7ZIG1KHBZ,focus,77738,off,1666736226827
A3RDT5DH21PVAR:33F859I56I8ZQJKLKVL5W7ZIG1KHBZ,focus,0,off,1666736226827
A3RDT5DH21PVAR:33F859I56I8ZQJKLKVL5W7ZIG1KHBZ,focus,16568,on,1666736243395
A3RDT5DH21PVAR:33F859I56I8ZQJKLKVL5W7ZIG1KHBZ,focus,0,on,1666736243395
A3RDT5DH21PVAR:33F859I56I8ZQJKLKVL5W7ZIG1KHBZ,focus,5987,off,1666736249382
A3RDT5DH21PVAR:33F859I56I8ZQJKLKVL5W7ZIG1KHBZ,focus,0,off,1666736249382
A3RDT5DH21PVAR:33F859I56I8ZQJKLKVL5W7ZIG1KHBZ,focus,1801222,on,1666738050604
A3RDT5DH21PVAR:33F859I56I8ZQJKLKVL5W7ZIG1KHBZ,focus,0,on,1666738050604
A38BO1VQGAGKTO:3G0WWMR1U7FE4L8L6BD8WGRDOGXQN2,initialized,0,,1666781144627
A38BO1VQGAGKTO:3G0WWMR1U7FE4L8L6BD8WGRDOGXQN2,window_resize,0,"[1024, 660]",1666781144627
ARE6ER0C6O2A1:3I0BTBYZA9GKSR70WFS4YQY2FXOY0P,initialized,0,,1666774905570
ARE6ER0C6O2A1:3I0BTBYZA9GKSR70WFS4YQY2FXOY0P,window_resize,0,"[1032, 614]",1666774905570
A1SC19A28HT3RU:3GNA64GUZQZAEW2F2BHM2ZRRXWN5QJ,initialized,0,,1666777661091
A1SC19A28HT3RU:3GNA64GUZQZAEW2F2BHM2ZRRXWN5QJ,window_resize,0,"[1024, 671]",1666777661091
A1SC19A28HT3RU:3GNA64GUZQZAEW2F2BHM2ZRRXWN5QJ,focus,352,on,1666777661443
A1SC19A28HT3RU:3GNA64GUZQZAEW2F2BHM2ZRRXWN5QJ,focus,0,on,1666777661443
A1SC19A28HT3RU:3GNA64GUZQZAEW2F2BHM2ZRRXWN5QJ,focus,5,off,1666777661448
A1SC19A28HT3RU:3GNA64GUZQZAEW2F2BHM2ZRRXWN5QJ,focus,0,off,1666777661448
A1SC19A28HT3RU:3GNA64GUZQZAEW2F2BHM2ZRRXWN5QJ,focus,58152,on,1666777719600
A1SC19A28HT3RU:3GNA64GUZQZAEW2F2BHM2ZRRXWN5QJ,focus,0,on,1666777719600
A1SC19A28HT3RU:3GNA64GUZQZAEW2F2BHM2ZRRXWN5QJ,focus,8295,off,1666777727895
A1SC19A28HT3RU:3GNA64GUZQZAEW2F2BHM2ZRRXWN5QJ,focus,0,off,1666777727895
A1SC19A28HT3RU:3GNA64GUZQZAEW2F2BHM2ZRRXWN5QJ,focus,1723,on,1666777729618
A1SC19A28HT3RU:3GNA64GUZQZAEW2F2BHM2ZRRXWN5QJ,focus,0,on,1666777729618
A1SC19A28HT3RU:3GNA64GUZQZAEW2F2BHM2ZRRXWN5QJ,focus,4208,off,1666777733826
A1SC19A28HT3RU:3GNA64GUZQZAEW2F2BHM2ZRRXWN5QJ,focus,0,off,1666777733826
A1SC19A28HT3RU:3GNA64GUZQZAEW2F2BHM2ZRRXWN5QJ,focus,2775,on,1666777736601
A1SC19A28HT3RU:3GNA64GUZQZAEW2F2BHM2ZRRXWN5QJ,focus,0,on,1666777736601
A1SC19A28HT3RU:3GNA64GUZQZAEW2F2BHM2ZRRXWN5QJ,focus,50350,off,1666777786951
A1SC19A28HT3RU:3GNA64GUZQZAEW2F2BHM2ZRRXWN5QJ,focus,0,off,1666777786951
A1SC19A28HT3RU:3GNA64GUZQZAEW2F2BHM2ZRRXWN5QJ,focus,2090,on,1666777789041
A1SC19A28HT3RU:3GNA64GUZQZAEW2F2BHM2ZRRXWN5QJ,focus,0,on,1666777789041
A1SC19A28HT3RU:3GNA64GUZQZAEW2F2BHM2ZRRXWN5QJ,focus,215274,off,1666778004315
A1SC19A28HT3RU:3GNA64GUZQZAEW2F2BHM2ZRRXWN5QJ,focus,0,off,1666778004315
A1SC19A28HT3RU:3GNA64GUZQZAEW2F2BHM2ZRRXWN5QJ,focus,1491,on,1666778005806
A1SC19A28HT3RU:3GNA64GUZQZAEW2F2BHM2ZRRXWN5QJ,focus,0,on,1666778005806
A1SC19A28HT3RU:3GNA64GUZQZAEW2F2BHM2ZRRXWN5QJ,window_resize,796822,"[1366, 768]",1666778802628
A1SC19A28HT3RU:3GNA64GUZQZAEW2F2BHM2ZRRXWN5QJ,window_resize,0,"[1366, 768]",1666778802628
A1SC19A28HT3RU:3GNA64GUZQZAEW2F2BHM2ZRRXWN5QJ,focus,245899,off,1666779048527
A1SC19A28HT3RU:3GNA64GUZQZAEW2F2BHM2ZRRXWN5QJ,focus,0,off,1666779048527
A1SC19A28HT3RU:3GNA64GUZQZAEW2F2BHM2ZRRXWN5QJ,focus,3427,on,1666779051954
A1SC19A28HT3RU:3GNA64GUZQZAEW2F2BHM2ZRRXWN5QJ,focus,0,on,1666779051954
A1SC19A28HT3RU:3GNA64GUZQZAEW2F2BHM2ZRRXWN5QJ,window_resize,11086,"[1366, 676]",1666779063040
A1SC19A28HT3RU:3GNA64GUZQZAEW2F2BHM2ZRRXWN5QJ,window_resize,0,"[1366, 676]",1666779063040
A1SC19A28HT3RU:3GNA64GUZQZAEW2F2BHM2ZRRXWN5QJ,focus,485624,off,1666779548664
A1SC19A28HT3RU:3GNA64GUZQZAEW2F2BHM2ZRRXWN5QJ,focus,0,off,1666779548664
A1SC19A28HT3RU:3GNA64GUZQZAEW2F2BHM2ZRRXWN5QJ,window_resize,3,"[1024, 580]",1666779548667
A1SC19A28HT3RU:3GNA64GUZQZAEW2F2BHM2ZRRXWN5QJ,window_resize,0,"[1024, 580]",1666779548667
A1SC19A28HT3RU:3GNA64GUZQZAEW2F2BHM2ZRRXWN5QJ,focus,3612,on,1666779552279
A1SC19A28HT3RU:3GNA64GUZQZAEW2F2BHM2ZRRXWN5QJ,focus,1,on,1666779552280
A1SC19A28HT3RU:3GNA64GUZQZAEW2F2BHM2ZRRXWN5QJ,window_resize,38294,"[1201, 580]",1666779590574
A1SC19A28HT3RU:3GNA64GUZQZAEW2F2BHM2ZRRXWN5QJ,window_resize,0,"[1201, 580]",1666779590574
A1SC19A28HT3RU:3GNA64GUZQZAEW2F2BHM2ZRRXWN5QJ,focus,1873,off,1666779592447
A1SC19A28HT3RU:3GNA64GUZQZAEW2F2BHM2ZRRXWN5QJ,focus,0,off,1666779592447
A1SC19A28HT3RU:3GNA64GUZQZAEW2F2BHM2ZRRXWN5QJ,focus,1866,on,1666779594313
A1SC19A28HT3RU:3GNA64GUZQZAEW2F2BHM2ZRRXWN5QJ,focus,1,on,1666779594314
A1SC19A28HT3RU:3GNA64GUZQZAEW2F2BHM2ZRRXWN5QJ,window_resize,11190,"[1323, 580]",1666779605504
A1SC19A28HT3RU:3GNA64GUZQZAEW2F2BHM2ZRRXWN5QJ,window_resize,1,"[1323, 580]",1666779605505
