word_id,TRT,FixCount,scanPath,Span_word_is_in,text_id
In_0,nan,0,[],meco_para_3_qa_1 ,meco_para_3
competitive_0,nan,0,[],meco_para_3_qa_1 ,meco_para_3
"sports,_0",nan,0,[],meco_para_3_qa_1 ,meco_para_3
doping_0,nan,0,[],meco_para_3_qa_1 ,meco_para_3
is_0,nan,0,[],meco_para_3_qa_1 ,meco_para_3
the_0,nan,0,[],meco_para_3_qa_1 ,meco_para_3
use_0,nan,0,[],meco_para_3_qa_1 ,meco_para_3
of_0,nan,0,[],meco_para_3_qa_1 ,meco_para_3
banned_0,nan,0,[],meco_para_3_qa_1 ,meco_para_3
performance-enhancing_0,nan,0,[],meco_para_3_qa_1 ,meco_para_3
drugs_0,nan,0,[],meco_para_3_qa_1 ,meco_para_3
by_0,nan,0,[],meco_para_3_qa_1 ,meco_para_3
athletic_0,nan,0,[],meco_para_3_qa_1 ,meco_para_3
competitors._0,nan,0,[],meco_para_3_qa_1 ,meco_para_3
The_1,nan,0,[],meco_para_3_qa_1 ,meco_para_3
term_0,nan,0,[],meco_para_3_qa_1 ,meco_para_3
doping_1,nan,0,[],meco_para_3_qa_1 ,meco_para_3
is_1,nan,0,[],meco_para_3_qa_1 ,meco_para_3
widely_0,nan,0,[],meco_para_3_qa_1 ,meco_para_3
used_0,nan,0,[],meco_para_3_qa_1 ,meco_para_3
by_1,nan,0,[],meco_para_3_qa_1 ,meco_para_3
organizations_0,nan,0,[],meco_para_3_qa_1 ,meco_para_3
which_0,nan,0,[],meco_para_3_qa_1 ,meco_para_3
regulate_0,nan,0,[],,meco_para_3
sporting_0,nan,0,[],,meco_para_3
competitions._0,6279.0,4,"[7, 8, 10, 11]",,meco_para_3
The_2,nan,0,[],,meco_para_3
use_1,nan,0,[],,meco_para_3
of_1,nan,0,[],,meco_para_3
drugs_1,nan,0,[],,meco_para_3
to_0,nan,0,[],,meco_para_3
enhance_0,nan,0,[],,meco_para_3
performance_0,nan,0,[],,meco_para_3
is_2,nan,0,[],,meco_para_3
largely_0,nan,0,[],,meco_para_3
considered_0,nan,0,[],,meco_para_3
"unethical,_0",1601.0,1,[6],,meco_para_3
and_0,1642.0,1,[5],,meco_para_3
is_3,1598.0,1,[9],,meco_para_3
therefore_0,nan,0,[],,meco_para_3
prohibited_0,nan,0,[],,meco_para_3
by_2,nan,0,[],,meco_para_3
most_0,nan,0,[],,meco_para_3
international_0,nan,0,[],,meco_para_3
sports_1,nan,0,[],,meco_para_3
"organizations,_1",nan,0,[],,meco_para_3
including_0,nan,0,[],,meco_para_3
the_3,1566.0,1,[4],,meco_para_3
International_1,1578.0,1,[3],,meco_para_3
Olympic_0,1607.0,1,[2],,meco_para_3
Committee._0,nan,0,[],,meco_para_3
"Furthermore,_0",nan,0,[],,meco_para_3
athletes_0,nan,0,[],,meco_para_3
who_0,nan,0,[],,meco_para_3
take_0,nan,0,[],,meco_para_3
explicit._0,nan,0,[],,meco_para_3
measures_0,nan,0,[],,meco_para_3
to_1,nan,0,[],,meco_para_3
evade_0,4565.0,3,"[13, 15, 16]",,meco_para_3
detection_0,3066.0,2,"[12, 14]",,meco_para_3
exacerbate_0,nan,0,[],,meco_para_3
the_4,nan,0,[],,meco_para_3
ethical_0,nan,0,[],,meco_para_3
violation_0,nan,0,[],,meco_para_3
with_0,nan,0,[],,meco_para_3
overt_0,nan,0,[],,meco_para_3
deception_0,nan,0,[],,meco_para_3
and_1,nan,0,[],,meco_para_3
cheating._0,nan,0,[],,meco_para_3
Despite_0,nan,0,[],,meco_para_3
its_0,nan,0,[],,meco_para_3
prevalence_0,6119.0,4,"[17, 18, 19, 21]",,meco_para_3
in_1,3256.0,2,"[1, 20]",,meco_para_3
the_5,nan,0,[],,meco_para_3
headlines_0,nan,0,[],,meco_para_3
"recently,_0",nan,0,[],,meco_para_3
doping_2,nan,0,[],,meco_para_3
is_4,nan,0,[],,meco_para_3
not_0,nan,0,[],,meco_para_3
a_0,nan,0,[],,meco_para_3
new_0,nan,0,[],,meco_para_3
phenomenon;_0,nan,0,[],,meco_para_3
in_2,nan,0,[],,meco_para_3
"fact,_0",nan,0,[],,meco_para_3
it_0,1802.0,1,[23],,meco_para_3
is_5,nan,0,[],,meco_para_3
as_0,1830.0,1,[22],,meco_para_3
old_0,nan,0,[],,meco_para_3
as_1,nan,0,[],,meco_para_3
sport_0,nan,0,[],,meco_para_3
itself._0,nan,0,[],,meco_para_3
From_0,nan,0,[],,meco_para_3
the_6,nan,0,[],,meco_para_3
use_2,nan,0,[],,meco_para_3
of_2,nan,0,[],meco_para_3_qa_2 ,meco_para_3
substances_0,nan,0,[],meco_para_3_qa_2 ,meco_para_3
in_3,nan,0,[],meco_para_3_qa_2 meco_para_3_qa_3 ,meco_para_3
ancient_0,nan,0,[],meco_para_3_qa_2 meco_para_3_qa_3 ,meco_para_3
chariot_0,1733.0,1,[25],meco_para_3_qa_2 meco_para_3_qa_3 ,meco_para_3
races_0,nan,0,[],meco_para_3_qa_2 meco_para_3_qa_3 ,meco_para_3
to_2,nan,0,[],meco_para_3_qa_2 ,meco_para_3
more_0,nan,1,[0],meco_para_3_qa_2 ,meco_para_3
recent_0,nan,0,[],meco_para_3_qa_2 ,meco_para_3
controversies_0,nan,0,[],meco_para_3_qa_2 ,meco_para_3
in_4,nan,0,[],meco_para_3_qa_2 ,meco_para_3
baseball_0,nan,0,[],meco_para_3_qa_2 ,meco_para_3
and_2,nan,0,[],meco_para_3_qa_2 ,meco_para_3
"cycling,_0",nan,0,[],meco_para_3_qa_2 ,meco_para_3
popular_0,nan,0,[],meco_para_3_qa_2 ,meco_para_3
views_0,nan,0,[],meco_para_3_qa_2 ,meco_para_3
among_0,1762.0,1,[26],meco_para_3_qa_2 ,meco_para_3
athletes_1,nan,0,[],meco_para_3_qa_2 ,meco_para_3
have_0,nan,0,[],meco_para_3_qa_2 ,meco_para_3
varied_0,nan,0,[],meco_para_3_qa_2 ,meco_para_3
widely_1,nan,0,[],meco_para_3_qa_2 ,meco_para_3
over_0,nan,0,[],meco_para_3_qa_2 ,meco_para_3
the_7,nan,0,[],meco_para_3_qa_2 ,meco_para_3
years._0,nan,0,[],meco_para_3_qa_2 ,meco_para_3
In_5,nan,0,[],meco_para_3_qa_2 ,meco_para_3
recent_1,nan,0,[],,meco_para_3
"decades,_0",nan,0,[],,meco_para_3
authorities_0,nan,0,[],,meco_para_3
and_3,nan,0,[],,meco_para_3
sporting_1,nan,0,[],,meco_para_3
organizations_2,nan,0,[],,meco_para_3
have_1,nan,0,[],,meco_para_3
tried_0,nan,0,[],,meco_para_3
to_3,nan,0,[],,meco_para_3
strictly_0,nan,0,[],,meco_para_3
regulate_1,nan,0,[],,meco_para_3
the_8,nan,0,[],meco_para_3_qa_0 ,meco_para_3
use_3,nan,0,[],meco_para_3_qa_0 ,meco_para_3
of_3,nan,0,[],meco_para_3_qa_0 ,meco_para_3
drugs_2,nan,0,[],meco_para_3_qa_0 ,meco_para_3
in_6,nan,0,[],meco_para_3_qa_0 ,meco_para_3
sport._1,nan,0,[],meco_para_3_qa_0 ,meco_para_3
The_9,nan,0,[],meco_para_3_qa_0 ,meco_para_3
primary_0,nan,0,[],meco_para_3_qa_0 ,meco_para_3
reasons_0,nan,0,[],meco_para_3_qa_0 ,meco_para_3
for_0,nan,0,[],meco_para_3_qa_0 ,meco_para_3
this_0,nan,0,[],meco_para_3_qa_0 ,meco_para_3
ban_0,nan,0,[],meco_para_3_qa_0 ,meco_para_3
are_0,nan,0,[],meco_para_3_qa_0 ,meco_para_3
the_10,nan,0,[],meco_para_3_qa_0 ,meco_para_3
health_0,nan,0,[],meco_para_3_qa_0 ,meco_para_3
risks_0,nan,0,[],meco_para_3_qa_0 ,meco_para_3
of_4,nan,0,[],meco_para_3_qa_0 ,meco_para_3
performance-enhancing_1,1643.0,1,[28],meco_para_3_qa_0 ,meco_para_3
"drugs,_3",nan,0,[],meco_para_3_qa_0 ,meco_para_3
the_11,nan,0,[],meco_para_3_qa_0 ,meco_para_3
equality_0,nan,0,[],meco_para_3_qa_0 ,meco_para_3
of_5,nan,0,[],meco_para_3_qa_0 ,meco_para_3
opportunity_0,nan,0,[],meco_para_3_qa_0 ,meco_para_3
for_1,nan,0,[],meco_para_3_qa_0 ,meco_para_3
"athletes,_2",nan,0,[],meco_para_3_qa_0 ,meco_para_3
and_4,nan,0,[],meco_para_3_qa_0 ,meco_para_3
the_12,nan,0,[],,meco_para_3
positive_0,nan,0,[],,meco_para_3
example_0,nan,0,[],,meco_para_3
to_4,nan,0,[],,meco_para_3
the_13,nan,0,[],,meco_para_3
public_0,1677.0,1,[29],,meco_para_3
set_0,nan,0,[],,meco_para_3
by_3,nan,0,[],,meco_para_3
drug-free_0,nan,0,[],,meco_para_3
sport._2,nan,0,[],,meco_para_3
Anti-doping_0,nan,0,[],,meco_para_3
authorities_1,nan,0,[],,meco_para_3
have_2,nan,0,[],,meco_para_3
repeatedly_0,nan,0,[],,meco_para_3
emphasized_0,nan,0,[],,meco_para_3
that_0,1571.0,1,[30],,meco_para_3
using_0,6125.0,4,"[31, 32, 33, 34]",,meco_para_3
 performance-enhancing_0,nan,0,[],,meco_para_3
drugs_4,nan,0,[],,meco_para_3
goes_0,nan,0,[],,meco_para_3
against_0,nan,0,[],,meco_para_3
the_14,nan,0,[],,meco_para_3
‘spirit_0,nan,0,[],,meco_para_3
of_6,nan,0,[],,meco_para_3
sport’._0,nan,0,[],,meco_para_3
When_0,nan,0,[],,a_Computationalcomplexitytheory_1
considering_0,nan,0,[],,a_Computationalcomplexitytheory_1
computational_0,nan,0,[],,a_Computationalcomplexitytheory_1
"problems,_0",nan,0,[],,a_Computationalcomplexitytheory_1
a_0,nan,0,[],,a_Computationalcomplexitytheory_1
problem_0,nan,0,[],a_Computationalcomplexitytheory_1_qa_0 ,a_Computationalcomplexitytheory_1
instance_0,nan,0,[],a_Computationalcomplexitytheory_1_qa_0 ,a_Computationalcomplexitytheory_1
is_0,nan,0,[],,a_Computationalcomplexitytheory_1
a__0,nan,0,[],,a_Computationalcomplexitytheory_1
string_0,nan,0,[],,a_Computationalcomplexitytheory_1
over_0,nan,0,[],,a_Computationalcomplexitytheory_1
an_0,nan,0,[],,a_Computationalcomplexitytheory_1
alphabet._0,nan,0,[],,a_Computationalcomplexitytheory_1
"Usually,_0",nan,0,[],,a_Computationalcomplexitytheory_1
the_0,nan,0,[],,a_Computationalcomplexitytheory_1
alphabet_1,1542.0,2,"[0, 1]",,a_Computationalcomplexitytheory_1
is_1,1516.0,1,[6],,a_Computationalcomplexitytheory_1
taken_0,4558.0,3,"[3, 7, 25]",,a_Computationalcomplexitytheory_1
to_0,nan,0,[],,a_Computationalcomplexitytheory_1
be_0,nan,0,[],,a_Computationalcomplexitytheory_1
the_1,nan,0,[],,a_Computationalcomplexitytheory_1
binary_0,nan,0,[],a_Computationalcomplexitytheory_1_qa_1 ,a_Computationalcomplexitytheory_1
alphabet_2,nan,0,[],,a_Computationalcomplexitytheory_1
"(i.e.,_0",nan,0,[],,a_Computationalcomplexitytheory_1
the_2,nan,0,[],,a_Computationalcomplexitytheory_1
set_0,nan,0,[],,a_Computationalcomplexitytheory_1
"{0,1}),_0",nan,0,[],,a_Computationalcomplexitytheory_1
and_0,nan,0,[],,a_Computationalcomplexitytheory_1
thus_0,nan,0,[],,a_Computationalcomplexitytheory_1
the_3,1548.0,1,[23],,a_Computationalcomplexitytheory_1
strings_0,7560.0,5,"[2, 5, 16, 24, 26]",,a_Computationalcomplexitytheory_1
are_0,1517.0,1,[13],,a_Computationalcomplexitytheory_1
 bitstrings._0,6114.0,4,"[8, 10, 11, 12]",a_Computationalcomplexitytheory_1_qa_2 ,a_Computationalcomplexitytheory_1
As_0,nan,0,[],,a_Computationalcomplexitytheory_1
in_0,nan,0,[],,a_Computationalcomplexitytheory_1
a__1,nan,0,[],,a_Computationalcomplexitytheory_1
real-world_0,nan,0,[],,a_Computationalcomplexitytheory_1
"computer,_0",nan,0,[],,a_Computationalcomplexitytheory_1
mathematical_0,nan,0,[],,a_Computationalcomplexitytheory_1
objects_0,6185.0,4,"[17, 19, 20, 21]",,a_Computationalcomplexitytheory_1
other_0,nan,0,[],,a_Computationalcomplexitytheory_1
than_0,1487.0,1,[14],,a_Computationalcomplexitytheory_1
bitstrings_0,nan,0,[],,a_Computationalcomplexitytheory_1
must_0,nan,0,[],,a_Computationalcomplexitytheory_1
be_1,nan,0,[],,a_Computationalcomplexitytheory_1
suitably_0,nan,0,[],,a_Computationalcomplexitytheory_1
encoded._0,nan,0,[],,a_Computationalcomplexitytheory_1
For_0,nan,0,[],,a_Computationalcomplexitytheory_1
"example,_0",nan,0,[],,a_Computationalcomplexitytheory_1
integers_0,nan,0,[],,a_Computationalcomplexitytheory_1
can_0,nan,0,[],,a_Computationalcomplexitytheory_1
be_2,nan,0,[],,a_Computationalcomplexitytheory_1
represented_0,nan,0,[],,a_Computationalcomplexitytheory_1
in_1,nan,0,[],,a_Computationalcomplexitytheory_1
binary_1,nan,0,[],a_Computationalcomplexitytheory_1_qa_3 ,a_Computationalcomplexitytheory_1
"notation,_0",nan,0,[],a_Computationalcomplexitytheory_1_qa_3 ,a_Computationalcomplexitytheory_1
and_1,nan,0,[],,a_Computationalcomplexitytheory_1
graphs_0,nan,0,[],,a_Computationalcomplexitytheory_1
can_1,nan,0,[],,a_Computationalcomplexitytheory_1
be_3,nan,0,[],,a_Computationalcomplexitytheory_1
encoded_1,nan,0,[],,a_Computationalcomplexitytheory_1
directly_0,nan,0,[],,a_Computationalcomplexitytheory_1
via_0,nan,0,[],,a_Computationalcomplexitytheory_1
their_0,nan,0,[],,a_Computationalcomplexitytheory_1
adjacency_0,nan,0,[],a_Computationalcomplexitytheory_1_qa_4 ,a_Computationalcomplexitytheory_1
"matrices,_0",nan,0,[],a_Computationalcomplexitytheory_1_qa_4 ,a_Computationalcomplexitytheory_1
or_0,nan,0,[],,a_Computationalcomplexitytheory_1
by_0,nan,0,[],,a_Computationalcomplexitytheory_1
encoding_0,nan,0,[],,a_Computationalcomplexitytheory_1
their_1,nan,0,[],,a_Computationalcomplexitytheory_1
adjacency_1,nan,0,[],,a_Computationalcomplexitytheory_1
lists_0,nan,0,[],,a_Computationalcomplexitytheory_1
in_2,nan,0,[],,a_Computationalcomplexitytheory_1
binary._2,nan,0,[],,a_Computationalcomplexitytheory_1
Many_0,nan,0,[],,a_Computationalcomplexitytheory_4
known_0,nan,0,[],,a_Computationalcomplexitytheory_4
complexity_0,nan,0,[],,a_Computationalcomplexitytheory_4
classes_0,3035.0,2,"[5, 7]",,a_Computationalcomplexitytheory_4
are_0,nan,0,[],,a_Computationalcomplexitytheory_4
suspected_0,4536.0,3,"[9, 11, 12]",a_Computationalcomplexitytheory_4_qa_0 ,a_Computationalcomplexitytheory_4
to_0,1552.0,1,[10],a_Computationalcomplexitytheory_4_qa_0 ,a_Computationalcomplexitytheory_4
be_0,nan,0,[],a_Computationalcomplexitytheory_4_qa_0 ,a_Computationalcomplexitytheory_4
"unequal,_0",nan,0,[],a_Computationalcomplexitytheory_4_qa_0 ,a_Computationalcomplexitytheory_4
but_0,nan,0,[],,a_Computationalcomplexitytheory_4
this_0,nan,0,[],,a_Computationalcomplexitytheory_4
has_0,nan,0,[],,a_Computationalcomplexitytheory_4
not_0,nan,0,[],,a_Computationalcomplexitytheory_4
been_0,nan,0,[],,a_Computationalcomplexitytheory_4
proved._0,nan,0,[],,a_Computationalcomplexitytheory_4
For_0,nan,0,[],,a_Computationalcomplexitytheory_4
instance_0,nan,0,[],,a_Computationalcomplexitytheory_4
P_0,nan,0,[],a_Computationalcomplexitytheory_4_qa_1 ,a_Computationalcomplexitytheory_4
©_0,3014.0,2,"[4, 15]",a_Computationalcomplexitytheory_4_qa_1 ,a_Computationalcomplexitytheory_4
NP_0,3009.0,2,"[14, 16]",a_Computationalcomplexitytheory_4_qa_1 ,a_Computationalcomplexitytheory_4
¢_0,nan,0,[],a_Computationalcomplexitytheory_4_qa_1 ,a_Computationalcomplexitytheory_4
PP_0,1491.0,1,[13],a_Computationalcomplexitytheory_4_qa_1 ,a_Computationalcomplexitytheory_4
¢__0,nan,0,[],a_Computationalcomplexitytheory_4_qa_1 ,a_Computationalcomplexitytheory_4
"PSPACE,_0",nan,0,[],a_Computationalcomplexitytheory_4_qa_1 ,a_Computationalcomplexitytheory_4
but_1,nan,0,[],,a_Computationalcomplexitytheory_4
it_0,nan,0,[],,a_Computationalcomplexitytheory_4
is_0,nan,0,[],,a_Computationalcomplexitytheory_4
possible_0,nan,0,[],,a_Computationalcomplexitytheory_4
that_0,nan,0,[],,a_Computationalcomplexitytheory_4
P_1,nan,0,[],,a_Computationalcomplexitytheory_4
=_0,nan,0,[],,a_Computationalcomplexitytheory_4
PSPACE._1,nan,0,[],,a_Computationalcomplexitytheory_4
If_0,1519.0,1,[3],,a_Computationalcomplexitytheory_4
P_2,nan,0,[],,a_Computationalcomplexitytheory_4
is_1,nan,0,[],,a_Computationalcomplexitytheory_4
not_1,1524.0,1,[18],,a_Computationalcomplexitytheory_4
equal_0,1560.0,1,[19],,a_Computationalcomplexitytheory_4
to_1,1553.0,1,[20],,a_Computationalcomplexitytheory_4
"NP,_1",nan,0,[],,a_Computationalcomplexitytheory_4
then_0,nan,0,[],,a_Computationalcomplexitytheory_4
P__0,nan,0,[],,a_Computationalcomplexitytheory_4
is_2,nan,0,[],,a_Computationalcomplexitytheory_4
not_2,nan,0,[],,a_Computationalcomplexitytheory_4
equal_1,nan,0,[],,a_Computationalcomplexitytheory_4
to_2,nan,0,[],,a_Computationalcomplexitytheory_4
PSPACE_2,nan,0,[],,a_Computationalcomplexitytheory_4
either._0,nan,0,[],,a_Computationalcomplexitytheory_4
Since_0,nan,0,[],,a_Computationalcomplexitytheory_4
there_0,1521.0,1,[2],,a_Computationalcomplexitytheory_4
are_1,nan,0,[],,a_Computationalcomplexitytheory_4
many_1,nan,0,[],,a_Computationalcomplexitytheory_4
known_1,3011.0,2,"[21, 23]",,a_Computationalcomplexitytheory_4
complexity_1,1538.0,1,[22],,a_Computationalcomplexitytheory_4
classes_1,nan,0,[],,a_Computationalcomplexitytheory_4
between_0,nan,0,[],a_Computationalcomplexitytheory_4_qa_2 ,a_Computationalcomplexitytheory_4
P_3,nan,0,[],a_Computationalcomplexitytheory_4_qa_2 ,a_Computationalcomplexitytheory_4
and_0,nan,0,[],a_Computationalcomplexitytheory_4_qa_2 ,a_Computationalcomplexitytheory_4
"PSPACE,_3",nan,0,[],a_Computationalcomplexitytheory_4_qa_2 ,a_Computationalcomplexitytheory_4
such_0,nan,0,[],,a_Computationalcomplexitytheory_4
as__0,nan,0,[],,a_Computationalcomplexitytheory_4
"RP,_0",nan,0,[],,a_Computationalcomplexitytheory_4
"BPP,_0",nan,0,[],,a_Computationalcomplexitytheory_4
"PP,_1",nan,0,[],,a_Computationalcomplexitytheory_4
"BQP,_0",nan,1,[0],,a_Computationalcomplexitytheory_4
"MA,_0",1486.0,1,[24],,a_Computationalcomplexitytheory_4
"PH,_0",nan,0,[],,a_Computationalcomplexitytheory_4
"etc,_0",nan,0,[],,a_Computationalcomplexitytheory_4
it_1,nan,0,[],,a_Computationalcomplexitytheory_4
is_3,nan,0,[],,a_Computationalcomplexitytheory_4
possible_1,nan,0,[],a_Computationalcomplexitytheory_4_qa_3 ,a_Computationalcomplexitytheory_4
that_1,nan,0,[],a_Computationalcomplexitytheory_4_qa_3 ,a_Computationalcomplexitytheory_4
all_0,nan,0,[],a_Computationalcomplexitytheory_4_qa_3 ,a_Computationalcomplexitytheory_4
these_0,nan,0,[],a_Computationalcomplexitytheory_4_qa_3 ,a_Computationalcomplexitytheory_4
complexity_2,nan,0,[],a_Computationalcomplexitytheory_4_qa_3 ,a_Computationalcomplexitytheory_4
classes_2,1499.0,1,[27],a_Computationalcomplexitytheory_4_qa_3 ,a_Computationalcomplexitytheory_4
collapse_0,3104.0,2,"[26, 28]",a_Computationalcomplexitytheory_4_qa_3 ,a_Computationalcomplexitytheory_4
to_3,nan,0,[],a_Computationalcomplexitytheory_4_qa_3 ,a_Computationalcomplexitytheory_4
one_0,nan,0,[],a_Computationalcomplexitytheory_4_qa_3 ,a_Computationalcomplexitytheory_4
class._0,nan,0,[],a_Computationalcomplexitytheory_4_qa_3 ,a_Computationalcomplexitytheory_4
Proving_0,nan,0,[],a_Computationalcomplexitytheory_4_qa_3 ,a_Computationalcomplexitytheory_4
that_2,nan,0,[],a_Computationalcomplexitytheory_4_qa_3 ,a_Computationalcomplexitytheory_4
any_0,nan,0,[],a_Computationalcomplexitytheory_4_qa_3 ,a_Computationalcomplexitytheory_4
of_0,nan,0,[],a_Computationalcomplexitytheory_4_qa_3 ,a_Computationalcomplexitytheory_4
these_1,nan,0,[],a_Computationalcomplexitytheory_4_qa_3 ,a_Computationalcomplexitytheory_4
classes_3,nan,0,[],a_Computationalcomplexitytheory_4_qa_3 ,a_Computationalcomplexitytheory_4
are_2,nan,0,[],a_Computationalcomplexitytheory_4_qa_3 ,a_Computationalcomplexitytheory_4
unequal_1,nan,0,[],a_Computationalcomplexitytheory_4_qa_3 ,a_Computationalcomplexitytheory_4
would_0,nan,0,[],a_Computationalcomplexitytheory_4_qa_3 ,a_Computationalcomplexitytheory_4
be_1,nan,0,[],a_Computationalcomplexitytheory_4_qa_3 ,a_Computationalcomplexitytheory_4
a_0,nan,0,[],a_Computationalcomplexitytheory_4_qa_3 ,a_Computationalcomplexitytheory_4
major_0,nan,0,[],a_Computationalcomplexitytheory_4_qa_3 ,a_Computationalcomplexitytheory_4
breakthrough_0,nan,0,[],a_Computationalcomplexitytheory_4_qa_3 ,a_Computationalcomplexitytheory_4
in_0,nan,0,[],a_Computationalcomplexitytheory_4_qa_3 ,a_Computationalcomplexitytheory_4
complexity_3,nan,0,[],,a_Computationalcomplexitytheory_4
theory._0,nan,0,[],,a_Computationalcomplexitytheory_4
Peyton_0,nan,0,[],a_SuperBowl50_2_qa_8 a_SuperBowl50_2_qa_11 a_SuperBowl50_2_qa_14 ,a_SuperBowl50_2
Manning_0,nan,0,[],a_SuperBowl50_2_qa_8 a_SuperBowl50_2_qa_11 a_SuperBowl50_2_qa_14 ,a_SuperBowl50_2
became_0,nan,0,[],,a_SuperBowl50_2
the_0,nan,0,[],,a_SuperBowl50_2
first_0,nan,0,[],,a_SuperBowl50_2
quarterback_0,nan,0,[],,a_SuperBowl50_2
ever_0,nan,0,[],,a_SuperBowl50_2
to_0,nan,0,[],,a_SuperBowl50_2
lead_0,nan,0,[],,a_SuperBowl50_2
two._0,nan,0,[],a_SuperBowl50_2_qa_9 a_SuperBowl50_2_qa_10 ,a_SuperBowl50_2
different_0,nan,0,[],,a_SuperBowl50_2
teams_0,nan,0,[],,a_SuperBowl50_2
to_1,nan,0,[],,a_SuperBowl50_2
multiple_0,nan,0,[],,a_SuperBowl50_2
Super_0,nan,0,[],,a_SuperBowl50_2
Bowls._0,nan,0,[],,a_SuperBowl50_2
He_0,nan,0,[],,a_SuperBowl50_2
is_0,nan,0,[],,a_SuperBowl50_2
also_0,1532.0,1,[3],,a_SuperBowl50_2
the_1,nan,0,[],,a_SuperBowl50_2
oldest_0,4585.0,3,"[14, 15, 16]",,a_SuperBowl50_2
quarterback_1,nan,0,[],,a_SuperBowl50_2
ever_1,nan,0,[],,a_SuperBowl50_2
to_2,nan,0,[],,a_SuperBowl50_2
play_0,nan,0,[],a_SuperBowl50_2_qa_1 a_SuperBowl50_2_qa_6 a_SuperBowl50_2_qa_12 a_SuperBowl50_2_qa_16 ,a_SuperBowl50_2
in_0,nan,0,[],a_SuperBowl50_2_qa_1 a_SuperBowl50_2_qa_6 a_SuperBowl50_2_qa_12 a_SuperBowl50_2_qa_16 ,a_SuperBowl50_2
a_0,nan,0,[],a_SuperBowl50_2_qa_1 a_SuperBowl50_2_qa_6 a_SuperBowl50_2_qa_12 a_SuperBowl50_2_qa_16 ,a_SuperBowl50_2
Super_1,nan,0,[],a_SuperBowl50_2_qa_1 a_SuperBowl50_2_qa_6 a_SuperBowl50_2_qa_12 a_SuperBowl50_2_qa_16 ,a_SuperBowl50_2
Bowl_0,4655.0,3,"[5, 7, 11]",a_SuperBowl50_2_qa_1 a_SuperBowl50_2_qa_6 a_SuperBowl50_2_qa_12 a_SuperBowl50_2_qa_16 ,a_SuperBowl50_2
at_0,nan,0,[],a_SuperBowl50_2_qa_1 a_SuperBowl50_2_qa_6 a_SuperBowl50_2_qa_12 a_SuperBowl50_2_qa_16 ,a_SuperBowl50_2
age_0,4563.0,3,"[4, 6, 12]",a_SuperBowl50_2_qa_1 a_SuperBowl50_2_qa_6 a_SuperBowl50_2_qa_12 a_SuperBowl50_2_qa_16 ,a_SuperBowl50_2
39._0,nan,0,[],a_SuperBowl50_2_qa_0 a_SuperBowl50_2_qa_1 a_SuperBowl50_2_qa_6 a_SuperBowl50_2_qa_12 a_SuperBowl50_2_qa_15 a_SuperBowl50_2_qa_16 ,a_SuperBowl50_2
The_2,1540.0,1,[2],a_SuperBowl50_2_qa_1 a_SuperBowl50_2_qa_6 a_SuperBowl50_2_qa_12 a_SuperBowl50_2_qa_16 ,a_SuperBowl50_2
past_0,1496.0,1,[13],a_SuperBowl50_2_qa_1 a_SuperBowl50_2_qa_6 a_SuperBowl50_2_qa_12 a_SuperBowl50_2_qa_16 ,a_SuperBowl50_2
record_0,nan,0,[],a_SuperBowl50_2_qa_1 a_SuperBowl50_2_qa_6 a_SuperBowl50_2_qa_12 a_SuperBowl50_2_qa_16 ,a_SuperBowl50_2
was_0,nan,0,[],a_SuperBowl50_2_qa_1 a_SuperBowl50_2_qa_6 a_SuperBowl50_2_qa_12 a_SuperBowl50_2_qa_16 ,a_SuperBowl50_2
held_0,nan,0,[],a_SuperBowl50_2_qa_1 a_SuperBowl50_2_qa_6 a_SuperBowl50_2_qa_12 a_SuperBowl50_2_qa_16 ,a_SuperBowl50_2
by_0,nan,0,[],a_SuperBowl50_2_qa_1 a_SuperBowl50_2_qa_6 a_SuperBowl50_2_qa_12 a_SuperBowl50_2_qa_16 ,a_SuperBowl50_2
John_0,nan,0,[],a_SuperBowl50_2_qa_1 a_SuperBowl50_2_qa_6 a_SuperBowl50_2_qa_12 a_SuperBowl50_2_qa_16 ,a_SuperBowl50_2
"Elway,_0",nan,0,[],a_SuperBowl50_2_qa_1 a_SuperBowl50_2_qa_6 a_SuperBowl50_2_qa_12 a_SuperBowl50_2_qa_16 ,a_SuperBowl50_2
who_0,nan,0,[],a_SuperBowl50_2_qa_1 a_SuperBowl50_2_qa_6 a_SuperBowl50_2_qa_12 a_SuperBowl50_2_qa_16 ,a_SuperBowl50_2
led_0,3028.0,2,"[8, 10]",a_SuperBowl50_2_qa_1 a_SuperBowl50_2_qa_6 a_SuperBowl50_2_qa_12 a_SuperBowl50_2_qa_16 ,a_SuperBowl50_2
the_3,nan,0,[],a_SuperBowl50_2_qa_1 a_SuperBowl50_2_qa_6 a_SuperBowl50_2_qa_12 a_SuperBowl50_2_qa_16 ,a_SuperBowl50_2
Broncos_0,nan,0,[],a_SuperBowl50_2_qa_1 a_SuperBowl50_2_qa_4 a_SuperBowl50_2_qa_5 a_SuperBowl50_2_qa_6 a_SuperBowl50_2_qa_12 a_SuperBowl50_2_qa_16 ,a_SuperBowl50_2
to_3,nan,0,[],a_SuperBowl50_2_qa_1 a_SuperBowl50_2_qa_6 a_SuperBowl50_2_qa_12 a_SuperBowl50_2_qa_16 ,a_SuperBowl50_2
victory_0,nan,0,[],a_SuperBowl50_2_qa_1 a_SuperBowl50_2_qa_6 a_SuperBowl50_2_qa_12 a_SuperBowl50_2_qa_16 ,a_SuperBowl50_2
in_1,nan,0,[],a_SuperBowl50_2_qa_1 a_SuperBowl50_2_qa_6 a_SuperBowl50_2_qa_12 a_SuperBowl50_2_qa_16 ,a_SuperBowl50_2
Super_2,nan,0,[],a_SuperBowl50_2_qa_1 a_SuperBowl50_2_qa_6 a_SuperBowl50_2_qa_12 a_SuperBowl50_2_qa_13 a_SuperBowl50_2_qa_16 ,a_SuperBowl50_2
Bowl_1,nan,0,[],a_SuperBowl50_2_qa_1 a_SuperBowl50_2_qa_6 a_SuperBowl50_2_qa_12 a_SuperBowl50_2_qa_13 a_SuperBowl50_2_qa_16 ,a_SuperBowl50_2
XxxXill_0,nan,0,[],a_SuperBowl50_2_qa_1 a_SuperBowl50_2_qa_6 a_SuperBowl50_2_qa_12 a_SuperBowl50_2_qa_13 a_SuperBowl50_2_qa_16 ,a_SuperBowl50_2
at_1,nan,0,[],a_SuperBowl50_2_qa_1 a_SuperBowl50_2_qa_6 a_SuperBowl50_2_qa_12 a_SuperBowl50_2_qa_16 ,a_SuperBowl50_2
age_1,nan,0,[],a_SuperBowl50_2_qa_1 a_SuperBowl50_2_qa_6 a_SuperBowl50_2_qa_12 a_SuperBowl50_2_qa_16 ,a_SuperBowl50_2
38_0,nan,0,[],a_SuperBowl50_2_qa_1 a_SuperBowl50_2_qa_2 a_SuperBowl50_2_qa_6 a_SuperBowl50_2_qa_7 a_SuperBowl50_2_qa_12 a_SuperBowl50_2_qa_16 ,a_SuperBowl50_2
and_0,nan,0,[],a_SuperBowl50_2_qa_3 ,a_SuperBowl50_2
is_1,nan,0,[],a_SuperBowl50_2_qa_3 ,a_SuperBowl50_2
currently_0,nan,0,[],a_SuperBowl50_2_qa_3 ,a_SuperBowl50_2
Denver's_0,nan,0,[],a_SuperBowl50_2_qa_3 ,a_SuperBowl50_2
Executive_0,nan,0,[],a_SuperBowl50_2_qa_3 ,a_SuperBowl50_2
Vice_0,nan,0,[],a_SuperBowl50_2_qa_3 ,a_SuperBowl50_2
President_0,nan,0,[],a_SuperBowl50_2_qa_3 ,a_SuperBowl50_2
of_0,nan,0,[],a_SuperBowl50_2_qa_3 ,a_SuperBowl50_2
Football_0,nan,0,[],a_SuperBowl50_2_qa_3 ,a_SuperBowl50_2
Operations_0,nan,0,[],a_SuperBowl50_2_qa_3 ,a_SuperBowl50_2
and_1,nan,0,[],a_SuperBowl50_2_qa_3 ,a_SuperBowl50_2
General_0,nan,0,[],a_SuperBowl50_2_qa_3 ,a_SuperBowl50_2
Manager._0,nan,0,[],a_SuperBowl50_2_qa_3 ,a_SuperBowl50_2
In_0,nan,0,[],,a_AmericanBroadcastingCompany_0
"2000,_0",nan,0,[],,a_AmericanBroadcastingCompany_0
ABC_0,nan,0,[],,a_AmericanBroadcastingCompany_0
launched_0,nan,0,[],,a_AmericanBroadcastingCompany_0
a__0,nan,0,[],,a_AmericanBroadcastingCompany_0
web-based_0,nan,0,[],,a_AmericanBroadcastingCompany_0
promotional_0,nan,0,[],,a_AmericanBroadcastingCompany_0
campaign_0,nan,0,[],,a_AmericanBroadcastingCompany_0
focused_0,nan,0,[],,a_AmericanBroadcastingCompany_0
around_0,nan,0,[],,a_AmericanBroadcastingCompany_0
its_0,nan,0,[],,a_AmericanBroadcastingCompany_0
circle_0,nan,0,[],a_AmericanBroadcastingCompany_0_qa_0 ,a_AmericanBroadcastingCompany_0
"logo,_0",nan,0,[],a_AmericanBroadcastingCompany_0_qa_0 ,a_AmericanBroadcastingCompany_0
also_0,nan,0,[],,a_AmericanBroadcastingCompany_0
called_0,nan,0,[],,a_AmericanBroadcastingCompany_0
“the_0,nan,0,[],a_AmericanBroadcastingCompany_0_qa_3 ,a_AmericanBroadcastingCompany_0
"dot"",_0",nan,0,[],a_AmericanBroadcastingCompany_0_qa_3 ,a_AmericanBroadcastingCompany_0
in_1,nan,0,[],,a_AmericanBroadcastingCompany_0
which_0,nan,0,[],,a_AmericanBroadcastingCompany_0
comic_0,nan,0,[],,a_AmericanBroadcastingCompany_0
book_0,nan,0,[],,a_AmericanBroadcastingCompany_0
character_0,nan,0,[],,a_AmericanBroadcastingCompany_0
Little_0,nan,0,[],,a_AmericanBroadcastingCompany_0
Dot_0,nan,0,[],,a_AmericanBroadcastingCompany_0
prompted_0,nan,0,[],,a_AmericanBroadcastingCompany_0
visitors_0,nan,0,[],,a_AmericanBroadcastingCompany_0
to_0,nan,0,[],,a_AmericanBroadcastingCompany_0
“download_0,nan,0,[],,a_AmericanBroadcastingCompany_0
the_0,nan,0,[],,a_AmericanBroadcastingCompany_0
"dot"",_1",nan,0,[],,a_AmericanBroadcastingCompany_0
a_0,nan,0,[],,a_AmericanBroadcastingCompany_0
program_0,4553.0,3,"[13, 14, 15]",,a_AmericanBroadcastingCompany_0
which_1,3085.0,2,"[16, 17]",,a_AmericanBroadcastingCompany_0
would_0,nan,0,[],,a_AmericanBroadcastingCompany_0
cause_0,nan,0,[],,a_AmericanBroadcastingCompany_0
the_1,nan,0,[],,a_AmericanBroadcastingCompany_0
ABC_1,nan,0,[],,a_AmericanBroadcastingCompany_0
logo_1,nan,0,[],,a_AmericanBroadcastingCompany_0
to_1,nan,0,[],,a_AmericanBroadcastingCompany_0
fly_0,nan,0,[],,a_AmericanBroadcastingCompany_0
around_1,nan,0,[],,a_AmericanBroadcastingCompany_0
the_2,nan,0,[],,a_AmericanBroadcastingCompany_0
screen_0,nan,0,[],,a_AmericanBroadcastingCompany_0
and_0,1477.0,1,[11],,a_AmericanBroadcastingCompany_0
settle_0,1501.0,1,[10],,a_AmericanBroadcastingCompany_0
in_2,3001.0,2,"[12, 18]",,a_AmericanBroadcastingCompany_0
the_3,nan,0,[],,a_AmericanBroadcastingCompany_0
bottom-right_0,nan,0,[],,a_AmericanBroadcastingCompany_0
corner._0,nan,0,[],,a_AmericanBroadcastingCompany_0
The_4,nan,0,[],,a_AmericanBroadcastingCompany_0
network_0,nan,0,[],,a_AmericanBroadcastingCompany_0
hired_0,nan,0,[],,a_AmericanBroadcastingCompany_0
the_5,nan,0,[],,a_AmericanBroadcastingCompany_0
Troika_0,nan,0,[],a_AmericanBroadcastingCompany_0_qa_1 ,a_AmericanBroadcastingCompany_0
Design_0,1482.0,1,[3],a_AmericanBroadcastingCompany_0_qa_1 ,a_AmericanBroadcastingCompany_0
Group_0,1491.0,1,[9],a_AmericanBroadcastingCompany_0_qa_1 ,a_AmericanBroadcastingCompany_0
to_2,4488.0,3,"[4, 8, 21]",,a_AmericanBroadcastingCompany_0
design_1,nan,0,[],,a_AmericanBroadcastingCompany_0
and_1,nan,0,[],,a_AmericanBroadcastingCompany_0
produce_0,nan,0,[],,a_AmericanBroadcastingCompany_0
its_1,nan,0,[],,a_AmericanBroadcastingCompany_0
2001-02_0,nan,0,[],,a_AmericanBroadcastingCompany_0
"identity,_0",nan,0,[],,a_AmericanBroadcastingCompany_0
which_2,nan,0,[],,a_AmericanBroadcastingCompany_0
continued_0,1500.0,1,[2],,a_AmericanBroadcastingCompany_0
using_0,nan,1,[0],,a_AmericanBroadcastingCompany_0
the_6,1528.0,1,[1],,a_AmericanBroadcastingCompany_0
 black-and-yellow_0,1600.0,1,[22],a_AmericanBroadcastingCompany_0_qa_2 ,a_AmericanBroadcastingCompany_0
coloring_0,nan,0,[],,a_AmericanBroadcastingCompany_0
of_0,nan,0,[],,a_AmericanBroadcastingCompany_0
the_7,nan,0,[],,a_AmericanBroadcastingCompany_0
logo_2,nan,0,[],,a_AmericanBroadcastingCompany_0
and_2,nan,0,[],,a_AmericanBroadcastingCompany_0
featured_0,nan,0,[],,a_AmericanBroadcastingCompany_0
dots_0,nan,0,[],,a_AmericanBroadcastingCompany_0
and_3,nan,0,[],,a_AmericanBroadcastingCompany_0
=_0,nan,0,[],,a_AmericanBroadcastingCompany_0
stripes_0,nan,0,[],,a_AmericanBroadcastingCompany_0
in_3,nan,0,[],,a_AmericanBroadcastingCompany_0
various_0,nan,0,[],,a_AmericanBroadcastingCompany_0
promotional_1,nan,0,[],,a_AmericanBroadcastingCompany_0
and__0,nan,0,[],,a_AmericanBroadcastingCompany_0
identification_0,nan,0,[],,a_AmericanBroadcastingCompany_0
spots._0,nan,0,[],,a_AmericanBroadcastingCompany_0
In_0,nan,0,[],,a_FrenchandIndianWar_0
"Europe,_0",nan,0,[],,a_FrenchandIndianWar_0
the_0,nan,0,[],,a_FrenchandIndianWar_0
North_0,nan,0,[],,a_FrenchandIndianWar_0
American_0,nan,0,[],,a_FrenchandIndianWar_0
theater_0,nan,0,[],,a_FrenchandIndianWar_0
of_0,nan,0,[],,a_FrenchandIndianWar_0
the_1,nan,0,[],,a_FrenchandIndianWar_0
Seven_0,nan,0,[],,a_FrenchandIndianWar_0
Years'_0,nan,0,[],,a_FrenchandIndianWar_0
War_0,nan,0,[],,a_FrenchandIndianWar_0
usually_0,nan,0,[],,a_FrenchandIndianWar_0
is_0,nan,0,[],,a_FrenchandIndianWar_0
not_0,nan,0,[],,a_FrenchandIndianWar_0
given_0,nan,0,[],,a_FrenchandIndianWar_0
a__0,nan,0,[],,a_FrenchandIndianWar_0
separate_0,nan,0,[],,a_FrenchandIndianWar_0
name._0,1582.0,1,[6],,a_FrenchandIndianWar_0
The_2,nan,0,[],,a_FrenchandIndianWar_0
entire_0,1501.0,1,[4],,a_FrenchandIndianWar_0
international_0,nan,0,[],,a_FrenchandIndianWar_0
conflict_0,nan,0,[],,a_FrenchandIndianWar_0
is_1,nan,0,[],,a_FrenchandIndianWar_0
known_0,nan,0,[],,a_FrenchandIndianWar_0
as__0,nan,0,[],,a_FrenchandIndianWar_0
the_3,nan,0,[],,a_FrenchandIndianWar_0
Seven_1,nan,0,[],,a_FrenchandIndianWar_0
Years'_1,nan,0,[],,a_FrenchandIndianWar_0
War._1,nan,0,[],,a_FrenchandIndianWar_0
"""Seven_0",nan,0,[],,a_FrenchandIndianWar_0
"Years""_0",1525.0,1,[7],,a_FrenchandIndianWar_0
refers_0,1518.0,1,[2],,a_FrenchandIndianWar_0
to_0,1649.0,1,[1],,a_FrenchandIndianWar_0
events_0,1586.0,1,[12],,a_FrenchandIndianWar_0
in_1,nan,0,[],,a_FrenchandIndianWar_0
"Europe,_1",nan,0,[],,a_FrenchandIndianWar_0
from_0,nan,0,[],,a_FrenchandIndianWar_0
the_4,nan,0,[],,a_FrenchandIndianWar_0
official_0,nan,0,[],a_FrenchandIndianWar_0_qa_0 ,a_FrenchandIndianWar_0
declaration_0,nan,0,[],a_FrenchandIndianWar_0_qa_0 ,a_FrenchandIndianWar_0
of_1,nan,0,[],a_FrenchandIndianWar_0_qa_0 ,a_FrenchandIndianWar_0
war_2,nan,0,[],a_FrenchandIndianWar_0_qa_0 ,a_FrenchandIndianWar_0
in_2,nan,0,[],a_FrenchandIndianWar_0_qa_0 ,a_FrenchandIndianWar_0
1756_0,1494.0,2,"[0, 8]",a_FrenchandIndianWar_0_qa_0 ,a_FrenchandIndianWar_0
to_1,1589.0,1,[9],a_FrenchandIndianWar_0_qa_0 ,a_FrenchandIndianWar_0
the_5,1503.0,1,[10],a_FrenchandIndianWar_0_qa_0 ,a_FrenchandIndianWar_0
signing_0,nan,0,[],a_FrenchandIndianWar_0_qa_0 ,a_FrenchandIndianWar_0
of_2,nan,0,[],a_FrenchandIndianWar_0_qa_0 ,a_FrenchandIndianWar_0
the_6,nan,0,[],a_FrenchandIndianWar_0_qa_0 ,a_FrenchandIndianWar_0
peace_0,nan,0,[],a_FrenchandIndianWar_0_qa_0 ,a_FrenchandIndianWar_0
treaty_0,nan,0,[],a_FrenchandIndianWar_0_qa_0 ,a_FrenchandIndianWar_0
in_3,nan,0,[],a_FrenchandIndianWar_0_qa_0 ,a_FrenchandIndianWar_0
1763._0,nan,0,[],a_FrenchandIndianWar_0_qa_0 ,a_FrenchandIndianWar_0
These_0,nan,0,[],a_FrenchandIndianWar_0_qa_0 ,a_FrenchandIndianWar_0
dates_0,nan,0,[],a_FrenchandIndianWar_0_qa_0 ,a_FrenchandIndianWar_0
do_0,nan,0,[],a_FrenchandIndianWar_0_qa_0 ,a_FrenchandIndianWar_0
not_1,nan,0,[],a_FrenchandIndianWar_0_qa_0 ,a_FrenchandIndianWar_0
correspond_0,nan,0,[],a_FrenchandIndianWar_0_qa_0 ,a_FrenchandIndianWar_0
with_0,nan,0,[],a_FrenchandIndianWar_0_qa_0 ,a_FrenchandIndianWar_0
the_7,nan,0,[],a_FrenchandIndianWar_0_qa_0 ,a_FrenchandIndianWar_0
fighting_0,nan,0,[],a_FrenchandIndianWar_0_qa_0 ,a_FrenchandIndianWar_0
on_0,nan,0,[],a_FrenchandIndianWar_0_qa_0 ,a_FrenchandIndianWar_0
mainland_0,nan,0,[],a_FrenchandIndianWar_0_qa_0 ,a_FrenchandIndianWar_0
North_1,nan,0,[],a_FrenchandIndianWar_0_qa_0 ,a_FrenchandIndianWar_0
"America,_0",nan,0,[],,a_FrenchandIndianWar_0
where_0,nan,0,[],,a_FrenchandIndianWar_0
the_8,nan,0,[],,a_FrenchandIndianWar_0
fighting_1,nan,0,[],,a_FrenchandIndianWar_0
between_0,nan,0,[],,a_FrenchandIndianWar_0
the_9,nan,0,[],,a_FrenchandIndianWar_0
two_0,nan,0,[],,a_FrenchandIndianWar_0
colonial_0,nan,0,[],,a_FrenchandIndianWar_0
powers_0,nan,0,[],,a_FrenchandIndianWar_0
was_0,nan,0,[],,a_FrenchandIndianWar_0
largely_0,nan,0,[],,a_FrenchandIndianWar_0
concluded_0,nan,0,[],,a_FrenchandIndianWar_0
in_4,nan,0,[],,a_FrenchandIndianWar_0
six_0,nan,0,[],a_FrenchandIndianWar_0_qa_1 ,a_FrenchandIndianWar_0
"years,_0",nan,0,[],a_FrenchandIndianWar_0_qa_1 ,a_FrenchandIndianWar_0
from_1,nan,0,[],,a_FrenchandIndianWar_0
the_10,nan,0,[],,a_FrenchandIndianWar_0
Battle_0,nan,0,[],a_FrenchandIndianWar_0_qa_3 ,a_FrenchandIndianWar_0
of_3,nan,0,[],a_FrenchandIndianWar_0_qa_3 ,a_FrenchandIndianWar_0
Jumonville_0,nan,0,[],a_FrenchandIndianWar_0_qa_3 ,a_FrenchandIndianWar_0
Glen_0,nan,0,[],a_FrenchandIndianWar_0_qa_3 ,a_FrenchandIndianWar_0
in_5,nan,0,[],,a_FrenchandIndianWar_0
1754_0,nan,0,[],,a_FrenchandIndianWar_0
to_2,nan,0,[],,a_FrenchandIndianWar_0
the_11,nan,0,[],,a_FrenchandIndianWar_0
capture_0,nan,0,[],,a_FrenchandIndianWar_0
of_4,nan,0,[],,a_FrenchandIndianWar_0
Montreal_0,nan,0,[],,a_FrenchandIndianWar_0
in_6,nan,0,[],,a_FrenchandIndianWar_0
1760._0,nan,0,[],a_FrenchandIndianWar_0_qa_2 ,a_FrenchandIndianWar_0
Islamist_0,nan,0,[],a_Islamism_1_qa_0 ,a_Islamism_1
movements_0,nan,0,[],,a_Islamism_1
such_0,nan,0,[],,a_Islamism_1
as_0,nan,0,[],,a_Islamism_1
the_0,nan,0,[],,a_Islamism_1
Muslim_0,nan,0,[],,a_Islamism_1
"Brotherhood,_0",3097.0,2,"[3, 4]",,a_Islamism_1
‘are_0,nan,0,[],,a_Islamism_1
well_0,nan,0,[],,a_Islamism_1
known_0,nan,0,[],,a_Islamism_1
for_0,nan,0,[],,a_Islamism_1
providing_0,nan,0,[],a_Islamism_1_qa_2 ,a_Islamism_1
"shelters,_0",nan,0,[],a_Islamism_1_qa_2 ,a_Islamism_1
educational_0,nan,0,[],a_Islamism_1_qa_2 ,a_Islamism_1
"assistance,_0",3071.0,2,"[2, 5]",a_Islamism_1_qa_2 ,a_Islamism_1
free_0,nan,0,[],a_Islamism_1_qa_2 ,a_Islamism_1
or_0,nan,1,[0],a_Islamism_1_qa_2 ,a_Islamism_1
low_0,nan,0,[],a_Islamism_1_qa_2 ,a_Islamism_1
cost_0,nan,0,[],a_Islamism_1_qa_2 ,a_Islamism_1
medical_0,nan,0,[],a_Islamism_1_qa_2 ,a_Islamism_1
"clinics,_0",nan,0,[],a_Islamism_1_qa_2 ,a_Islamism_1
housing_0,nan,0,[],a_Islamism_1_qa_2 ,a_Islamism_1
assistance_1,nan,0,[],a_Islamism_1_qa_2 ,a_Islamism_1
to_0,nan,0,[],a_Islamism_1_qa_2 ,a_Islamism_1
students_0,nan,0,[],a_Islamism_1_qa_2 ,a_Islamism_1
from_0,1517.0,1,[6],a_Islamism_1_qa_2 ,a_Islamism_1
out_0,nan,0,[],a_Islamism_1_qa_2 ,a_Islamism_1
of_0,1570.0,1,[1],a_Islamism_1_qa_2 ,a_Islamism_1
"town,_0",nan,0,[],a_Islamism_1_qa_2 ,a_Islamism_1
student_0,nan,0,[],a_Islamism_1_qa_2 ,a_Islamism_1
advisory_0,nan,0,[],a_Islamism_1_qa_2 ,a_Islamism_1
"groups,_0",nan,0,[],a_Islamism_1_qa_2 ,a_Islamism_1
facilitation_0,nan,0,[],a_Islamism_1_qa_4 ,a_Islamism_1
of_1,nan,0,[],a_Islamism_1_qa_4 ,a_Islamism_1
inexpensive_0,nan,0,[],a_Islamism_1_qa_4 ,a_Islamism_1
mass_0,nan,0,[],a_Islamism_1_qa_4 ,a_Islamism_1
marriage_0,1508.0,1,[7],a_Islamism_1_qa_4 ,a_Islamism_1
ceremonies_0,nan,0,[],a_Islamism_1_qa_4 ,a_Islamism_1
to_1,nan,0,[],a_Islamism_1_qa_4 ,a_Islamism_1
avoid_0,nan,0,[],a_Islamism_1_qa_4 ,a_Islamism_1
prohibitively_0,nan,0,[],a_Islamism_1_qa_4 ,a_Islamism_1
costly_0,nan,0,[],a_Islamism_1_qa_4 ,a_Islamism_1
dowry_0,nan,0,[],a_Islamism_1_qa_4 ,a_Islamism_1
"demands,_0",nan,0,[],a_Islamism_1_qa_4 ,a_Islamism_1
legal_0,nan,0,[],a_Islamism_1_qa_4 ,a_Islamism_1
"assistance,_2",nan,0,[],a_Islamism_1_qa_4 ,a_Islamism_1
sports_0,nan,0,[],a_Islamism_1_qa_4 ,a_Islamism_1
"facilities,_0",nan,0,[],a_Islamism_1_qa_4 ,a_Islamism_1
and_0,nan,0,[],a_Islamism_1_qa_4 ,a_Islamism_1
women's’_0,nan,0,[],a_Islamism_1_qa_4 ,a_Islamism_1
"groups.""_0",nan,0,[],a_Islamism_1_qa_4 ,a_Islamism_1
All_0,nan,0,[],a_Islamism_1_qa_4 ,a_Islamism_1
this_0,nan,0,[],a_Islamism_1_qa_4 ,a_Islamism_1
compares_0,nan,0,[],,a_Islamism_1
very_0,nan,0,[],,a_Islamism_1
favourably_0,nan,0,[],,a_Islamism_1
against_0,nan,0,[],,a_Islamism_1
"incompetent,_0",3170.0,2,"[10, 11]",a_Islamism_1_qa_1 ,a_Islamism_1
"inefficient,_0",nan,0,[],a_Islamism_1_qa_1 ,a_Islamism_1
or_1,nan,0,[],a_Islamism_1_qa_1 ,a_Islamism_1
neglectful_0,nan,0,[],a_Islamism_1_qa_1 ,a_Islamism_1
governments_0,nan,0,[],,a_Islamism_1
whose_0,nan,0,[],,a_Islamism_1
commitment_0,nan,0,[],,a_Islamism_1
to_2,nan,0,[],,a_Islamism_1
social_0,nan,0,[],,a_Islamism_1
justice_0,nan,0,[],,a_Islamism_1
is_0,nan,0,[],,a_Islamism_1
limited_0,nan,0,[],,a_Islamism_1
to_3,nan,0,[],,a_Islamism_1
rhetoric._0,nan,0,[],a_Islamism_1_qa_3 ,a_Islamism_1
BSkyB's_0,nan,0,[],,a_SkyUnitedKingdom_0
standard_0,nan,0,[],,a_SkyUnitedKingdom_0
definition_0,nan,0,[],,a_SkyUnitedKingdom_0
broadcasts_0,nan,0,[],,a_SkyUnitedKingdom_0
are_0,nan,0,[],,a_SkyUnitedKingdom_0
in_0,nan,0,[],,a_SkyUnitedKingdom_0
DVB-compliant_0,4642.0,3,"[2, 8, 9]",a_SkyUnitedKingdom_0_qa_0 ,a_SkyUnitedKingdom_0
"MPEG-2,_0",1555.0,1,[7],a_SkyUnitedKingdom_0_qa_0 ,a_SkyUnitedKingdom_0
with_0,nan,0,[],,a_SkyUnitedKingdom_0
the_0,nan,0,[],,a_SkyUnitedKingdom_0
Sky_0,nan,0,[],,a_SkyUnitedKingdom_0
Movies_0,nan,0,[],,a_SkyUnitedKingdom_0
and_0,nan,0,[],,a_SkyUnitedKingdom_0
Sky_1,nan,0,[],,a_SkyUnitedKingdom_0
Box_0,nan,0,[],,a_SkyUnitedKingdom_0
Office_0,nan,0,[],,a_SkyUnitedKingdom_0
channels_0,nan,1,[0],,a_SkyUnitedKingdom_0
including_0,1539.0,1,[1],,a_SkyUnitedKingdom_0
optional_0,nan,0,[],,a_SkyUnitedKingdom_0
Dolby_0,nan,0,[],a_SkyUnitedKingdom_0_qa_1 ,a_SkyUnitedKingdom_0
Digital_0,nan,0,[],a_SkyUnitedKingdom_0_qa_1 ,a_SkyUnitedKingdom_0
soundtracks_0,nan,0,[],,a_SkyUnitedKingdom_0
for_0,nan,0,[],,a_SkyUnitedKingdom_0
recent_0,nan,0,[],,a_SkyUnitedKingdom_0
"films,_0",nan,0,[],,a_SkyUnitedKingdom_0
although_0,nan,0,[],,a_SkyUnitedKingdom_0
these_0,nan,0,[],,a_SkyUnitedKingdom_0
are_1,nan,0,[],,a_SkyUnitedKingdom_0
only_0,1542.0,1,[11],,a_SkyUnitedKingdom_0
accessible_0,nan,0,[],,a_SkyUnitedKingdom_0
with_1,nan,0,[],,a_SkyUnitedKingdom_0
a_0,nan,0,[],,a_SkyUnitedKingdom_0
Sky+_0,nan,0,[],,a_SkyUnitedKingdom_0
box._1,nan,0,[],,a_SkyUnitedKingdom_0
Sky+_1,nan,0,[],,a_SkyUnitedKingdom_0
HD_0,nan,0,[],,a_SkyUnitedKingdom_0
material_0,nan,0,[],,a_SkyUnitedKingdom_0
is_0,nan,0,[],,a_SkyUnitedKingdom_0
broadcast_0,nan,0,[],,a_SkyUnitedKingdom_0
using_0,nan,0,[],,a_SkyUnitedKingdom_0
MPEG-4_0,nan,0,[],a_SkyUnitedKingdom_0_qa_2 ,a_SkyUnitedKingdom_0
and_1,nan,0,[],,a_SkyUnitedKingdom_0
most_0,nan,0,[],,a_SkyUnitedKingdom_0
of_0,nan,0,[],,a_SkyUnitedKingdom_0
the_1,nan,0,[],,a_SkyUnitedKingdom_0
HD_1,nan,0,[],,a_SkyUnitedKingdom_0
material_1,nan,0,[],,a_SkyUnitedKingdom_0
uses_0,nan,0,[],,a_SkyUnitedKingdom_0
the_2,nan,0,[],,a_SkyUnitedKingdom_0
DVB-S2__0,nan,0,[],a_SkyUnitedKingdom_0_qa_4 ,a_SkyUnitedKingdom_0
standard._1,nan,0,[],,a_SkyUnitedKingdom_0
Interactive_0,nan,0,[],,a_SkyUnitedKingdom_0
services_0,nan,0,[],,a_SkyUnitedKingdom_0
and_2,nan,0,[],,a_SkyUnitedKingdom_0
7-day_0,nan,0,[],,a_SkyUnitedKingdom_0
EPG_0,nan,0,[],,a_SkyUnitedKingdom_0
use_0,nan,0,[],,a_SkyUnitedKingdom_0
the_3,nan,0,[],,a_SkyUnitedKingdom_0
proprietary_0,nan,0,[],,a_SkyUnitedKingdom_0
OpenTV_0,nan,0,[],a_SkyUnitedKingdom_0_qa_3 ,a_SkyUnitedKingdom_0
"system,_0",nan,0,[],,a_SkyUnitedKingdom_0
with_2,nan,0,[],,a_SkyUnitedKingdom_0
set-top_0,nan,0,[],,a_SkyUnitedKingdom_0
boxes_0,nan,0,[],,a_SkyUnitedKingdom_0
including_1,nan,0,[],,a_SkyUnitedKingdom_0
modems_0,nan,0,[],,a_SkyUnitedKingdom_0
for_1,nan,0,[],,a_SkyUnitedKingdom_0
a_1,nan,0,[],,a_SkyUnitedKingdom_0
return_0,nan,0,[],,a_SkyUnitedKingdom_0
path._0,nan,0,[],,a_SkyUnitedKingdom_0
Sky_2,nan,0,[],,a_SkyUnitedKingdom_0
"News,_0",nan,0,[],,a_SkyUnitedKingdom_0
amongst_0,nan,0,[],,a_SkyUnitedKingdom_0
other_0,nan,0,[],,a_SkyUnitedKingdom_0
"channels,_1",nan,0,[],,a_SkyUnitedKingdom_0
provides_0,nan,0,[],,a_SkyUnitedKingdom_0
a_2,nan,0,[],,a_SkyUnitedKingdom_0
pseudo-video_0,nan,0,[],,a_SkyUnitedKingdom_0
on_0,nan,0,[],,a_SkyUnitedKingdom_0
demand_0,nan,0,[],,a_SkyUnitedKingdom_0
interactive_1,nan,0,[],,a_SkyUnitedKingdom_0
service_0,nan,0,[],,a_SkyUnitedKingdom_0
by_0,nan,0,[],,a_SkyUnitedKingdom_0
broadcasting_0,nan,0,[],,a_SkyUnitedKingdom_0
looping_0,nan,0,[],,a_SkyUnitedKingdom_0
video_0,nan,0,[],,a_SkyUnitedKingdom_0
streams._0,nan,0,[],,a_SkyUnitedKingdom_0
Construction_0,nan,0,[],a_Construction_0_qa_0 ,a_Construction_0
is_0,nan,0,[],,a_Construction_0
the_0,1581.0,1,[5],,a_Construction_0
process_0,1561.0,1,[4],,a_Construction_0
of_0,3208.0,2,"[2, 3]",,a_Construction_0
constructing_0,nan,0,[],,a_Construction_0
a_0,nan,0,[],,a_Construction_0
building_0,nan,0,[],,a_Construction_0
or_0,nan,0,[],,a_Construction_0
infrastructure._0,nan,0,[],,a_Construction_0
Construction_1,nan,0,[],,a_Construction_0
differs_0,nan,0,[],,a_Construction_0
from_0,nan,0,[],,a_Construction_0
manufacturing_0,3143.0,3,"[0, 1, 8]",,a_Construction_0
in_0,nan,0,[],,a_Construction_0
that_0,1600.0,1,[9],,a_Construction_0
manufacturing_1,nan,0,[],a_Construction_0_qa_1 ,a_Construction_0
typically_0,nan,0,[],,a_Construction_0
involves_0,nan,0,[],,a_Construction_0
mass_0,nan,0,[],,a_Construction_0
production_0,nan,0,[],,a_Construction_0
of_1,nan,0,[],,a_Construction_0
similar_0,nan,0,[],,a_Construction_0
items_0,nan,0,[],,a_Construction_0
without_0,nan,0,[],,a_Construction_0
a_1,nan,0,[],,a_Construction_0
designated_0,1565.0,1,[12],,a_Construction_0
"purchaser,_0",nan,0,[],,a_Construction_0
while_0,nan,0,[],,a_Construction_0
construction_2,nan,0,[],,a_Construction_0
typically_1,nan,0,[],,a_Construction_0
takes_0,nan,0,[],,a_Construction_0
place_0,nan,0,[],,a_Construction_0
on_0,nan,0,[],,a_Construction_0
location_0,nan,0,[],,a_Construction_0
for_0,nan,0,[],,a_Construction_0
a_2,nan,0,[],a_Construction_0_qa_4 ,a_Construction_0
known_0,nan,0,[],a_Construction_0_qa_4 ,a_Construction_0
client._0,1608.0,1,[11],a_Construction_0_qa_4 ,a_Construction_0
Construction_3,nan,0,[],,a_Construction_0
as_0,nan,0,[],,a_Construction_0
an_0,nan,0,[],,a_Construction_0
industry_0,nan,0,[],,a_Construction_0
comprises_0,nan,0,[],,a_Construction_0
six_0,nan,0,[],a_Construction_0_qa_2 ,a_Construction_0
to_0,nan,0,[],a_Construction_0_qa_2 ,a_Construction_0
nine_0,nan,0,[],a_Construction_0_qa_2 ,a_Construction_0
percent_0,nan,0,[],a_Construction_0_qa_2 ,a_Construction_0
of_2,nan,0,[],,a_Construction_0
the_1,nan,0,[],,a_Construction_0
gross_0,nan,0,[],,a_Construction_0
domestic_0,nan,0,[],,a_Construction_0
product_0,nan,0,[],,a_Construction_0
of_3,nan,0,[],a_Construction_0_qa_3 ,a_Construction_0
developed_0,nan,0,[],a_Construction_0_qa_3 ,a_Construction_0
countries._0,nan,0,[],a_Construction_0_qa_3 ,a_Construction_0
Construction_4,nan,0,[],a_Construction_0_qa_3 ,a_Construction_0
starts_0,nan,0,[],a_Construction_0_qa_3 ,a_Construction_0
with_0,nan,0,[],a_Construction_0_qa_3 ,a_Construction_0
planningcitation_0,nan,0,[],a_Construction_0_qa_3 ,a_Construction_0
needed]_0,nan,0,[],a_Construction_0_qa_3 ,a_Construction_0
"design,_0",nan,0,[],a_Construction_0_qa_3 ,a_Construction_0
and_0,nan,0,[],a_Construction_0_qa_3 ,a_Construction_0
financing_0,nan,0,[],a_Construction_0_qa_3 ,a_Construction_0
and_1,nan,0,[],a_Construction_0_qa_3 ,a_Construction_0
continues_0,nan,0,[],a_Construction_0_qa_3 ,a_Construction_0
until_0,nan,0,[],a_Construction_0_qa_3 ,a_Construction_0
the_2,nan,0,[],a_Construction_0_qa_3 ,a_Construction_0
project_0,nan,0,[],a_Construction_0_qa_3 ,a_Construction_0
is_1,nan,0,[],a_Construction_0_qa_3 ,a_Construction_0
built_0,nan,0,[],a_Construction_0_qa_3 ,a_Construction_0
and_2,nan,0,[],a_Construction_0_qa_3 ,a_Construction_0
ready_0,nan,0,[],a_Construction_0_qa_3 ,a_Construction_0
for_1,nan,0,[],a_Construction_0_qa_3 ,a_Construction_0
use._0,nan,0,[],a_Construction_0_qa_3 ,a_Construction_0
The_0,nan,0,[],a_DoctorWho_3_qa_0 ,a_DoctorWho_3
most_0,nan,0,[],a_DoctorWho_3_qa_0 ,a_DoctorWho_3
frequent_0,nan,0,[],a_DoctorWho_3_qa_0 ,a_DoctorWho_3
musical_0,1570.0,1,[6],a_DoctorWho_3_qa_0 ,a_DoctorWho_3
contributor_0,nan,0,[],a_DoctorWho_3_qa_0 ,a_DoctorWho_3
during_0,nan,0,[],a_DoctorWho_3_qa_0 ,a_DoctorWho_3
the_1,nan,0,[],a_DoctorWho_3_qa_0 ,a_DoctorWho_3
first_0,nan,0,[],a_DoctorWho_3_qa_0 ,a_DoctorWho_3
15_0,nan,0,[],a_DoctorWho_3_qa_0 ,a_DoctorWho_3
years_0,nan,0,[],a_DoctorWho_3_qa_0 ,a_DoctorWho_3
was_0,nan,0,[],a_DoctorWho_3_qa_0 ,a_DoctorWho_3
Dudley_0,nan,0,[],a_DoctorWho_3_qa_0 ,a_DoctorWho_3
"Simpson,_0",nan,0,[],a_DoctorWho_3_qa_0 ,a_DoctorWho_3
who_0,nan,0,[],a_DoctorWho_3_qa_0 ,a_DoctorWho_3
is_0,nan,0,[],a_DoctorWho_3_qa_0 ,a_DoctorWho_3
also_0,nan,0,[],a_DoctorWho_3_qa_0 ,a_DoctorWho_3
well_0,nan,0,[],a_DoctorWho_3_qa_0 ,a_DoctorWho_3
known_0,nan,0,[],a_DoctorWho_3_qa_0 ,a_DoctorWho_3
for_0,nan,0,[],a_DoctorWho_3_qa_0 ,a_DoctorWho_3
his_0,1570.0,1,[8],a_DoctorWho_3_qa_0 ,a_DoctorWho_3
theme_0,nan,0,[],a_DoctorWho_3_qa_0 ,a_DoctorWho_3
and__0,nan,0,[],a_DoctorWho_3_qa_0 ,a_DoctorWho_3
incidental_0,nan,0,[],a_DoctorWho_3_qa_0 ,a_DoctorWho_3
music_0,nan,0,[],a_DoctorWho_3_qa_0 ,a_DoctorWho_3
for_1,nan,0,[],a_DoctorWho_3_qa_0 ,a_DoctorWho_3
Blake's_0,nan,0,[],,a_DoctorWho_3
"7,_0",nan,0,[],,a_DoctorWho_3
and_0,nan,0,[],,a_DoctorWho_3
for_2,1521.0,1,[5],,a_DoctorWho_3
his_1,1566.0,1,[4],,a_DoctorWho_3
haunting_0,nan,0,[],,a_DoctorWho_3
theme_1,nan,0,[],,a_DoctorWho_3
music_1,nan,0,[],,a_DoctorWho_3
and_1,nan,0,[],,a_DoctorWho_3
score_0,nan,0,[],,a_DoctorWho_3
for_3,nan,0,[],,a_DoctorWho_3
the_2,nan,0,[],,a_DoctorWho_3
original_0,nan,0,[],,a_DoctorWho_3
1970s_0,nan,0,[],,a_DoctorWho_3
version_0,nan,0,[],,a_DoctorWho_3
of_0,nan,0,[],,a_DoctorWho_3
The_3,nan,0,[],,a_DoctorWho_3
Tomorrow_0,1564.0,1,[3],,a_DoctorWho_3
People._0,nan,0,[],,a_DoctorWho_3
Simpson's_0,nan,0,[],,a_DoctorWho_3
first_1,1550.0,1,[1],,a_DoctorWho_3
Doctor_0,nan,0,[],,a_DoctorWho_3
Who_1,nan,0,[],,a_DoctorWho_3
score_1,nan,0,[],,a_DoctorWho_3
was_1,nan,0,[],,a_DoctorWho_3
Planet_0,nan,0,[],a_DoctorWho_3_qa_1 ,a_DoctorWho_3
of_1,nan,0,[],a_DoctorWho_3_qa_1 ,a_DoctorWho_3
Giants_0,nan,0,[],a_DoctorWho_3_qa_1 ,a_DoctorWho_3
(1964)_0,nan,0,[],,a_DoctorWho_3
and_2,nan,0,[],,a_DoctorWho_3
he_0,nan,0,[],,a_DoctorWho_3
went_0,nan,0,[],,a_DoctorWho_3
on_0,nan,0,[],,a_DoctorWho_3
to_0,nan,1,[0],,a_DoctorWho_3
write_0,nan,0,[],,a_DoctorWho_3
music_2,nan,0,[],,a_DoctorWho_3
for_4,nan,0,[],,a_DoctorWho_3
many_0,nan,0,[],,a_DoctorWho_3
adventures_0,nan,0,[],,a_DoctorWho_3
of_2,nan,0,[],,a_DoctorWho_3
the_4,nan,0,[],a_DoctorWho_3_qa_2 ,a_DoctorWho_3
1960s_0,nan,0,[],a_DoctorWho_3_qa_2 ,a_DoctorWho_3
and_3,nan,0,[],a_DoctorWho_3_qa_2 ,a_DoctorWho_3
"1970s,_1",nan,0,[],a_DoctorWho_3_qa_2 ,a_DoctorWho_3
including_0,nan,0,[],,a_DoctorWho_3
most_1,nan,0,[],,a_DoctorWho_3
of_3,nan,0,[],,a_DoctorWho_3
the_5,nan,0,[],,a_DoctorWho_3
stories_0,nan,0,[],,a_DoctorWho_3
of_4,nan,0,[],,a_DoctorWho_3
the_6,nan,0,[],,a_DoctorWho_3
Jon_0,nan,0,[],,a_DoctorWho_3
Pertwee/Tom_0,nan,0,[],,a_DoctorWho_3
Baker_0,nan,0,[],,a_DoctorWho_3
"periods,_0",nan,0,[],,a_DoctorWho_3
ending_0,nan,0,[],,a_DoctorWho_3
with_0,nan,0,[],,a_DoctorWho_3
The_7,nan,0,[],a_DoctorWho_3_qa_3 ,a_DoctorWho_3
Horns_0,nan,0,[],a_DoctorWho_3_qa_3 ,a_DoctorWho_3
of_5,nan,0,[],a_DoctorWho_3_qa_3 ,a_DoctorWho_3
Nimon_0,nan,0,[],a_DoctorWho_3_qa_3 ,a_DoctorWho_3
(1979)._0,nan,0,[],,a_DoctorWho_3
He_1,nan,0,[],,a_DoctorWho_3
also._1,nan,0,[],,a_DoctorWho_3
made_0,nan,0,[],,a_DoctorWho_3
a_0,nan,0,[],,a_DoctorWho_3
cameo_0,nan,0,[],,a_DoctorWho_3
appearance_0,nan,0,[],,a_DoctorWho_3
in_0,nan,0,[],,a_DoctorWho_3
The_8,nan,0,[],a_DoctorWho_3_qa_4 ,a_DoctorWho_3
Talons_0,nan,0,[],a_DoctorWho_3_qa_4 ,a_DoctorWho_3
of_6,nan,0,[],a_DoctorWho_3_qa_4 ,a_DoctorWho_3
Weng-Chiang_0,nan,0,[],a_DoctorWho_3_qa_4 ,a_DoctorWho_3
(as_0,nan,0,[],,a_DoctorWho_3
a_1,nan,0,[],,a_DoctorWho_3
Music_3,nan,0,[],,a_DoctorWho_3
hall_0,nan,0,[],,a_DoctorWho_3
conductor)._0,nan,0,[],,a_DoctorWho_3
