word_id,TRT,FixCount,Scan_path,Span_word_is_in,text_id
Sarap_0,nan,0,[],,meco_para_7
"tadimi,_0",nan,0,[],,meco_para_7
sarabin_0,nan,0,[],,meco_para_7
 duyumsal_0,1153.0,2,"[5, 6]",,meco_para_7
olarak_0,nan,0,[],,meco_para_7
incelenmesi_0,nan,0,[],,meco_para_7
ve_0,nan,0,[],,meco_para_7
degerlendirilmesidir._0,nan,0,[],,meco_para_7
Sarap_1,nan,0,[],,meco_para_7
tadim_0,nan,0,[],,meco_para_7
pratigi_0,nan,0,[],,meco_para_7
sarap_2,nan,0,[],,meco_para_7
Uretimi_0,nan,0,[],,meco_para_7
kadar_0,nan,0,[],,meco_para_7
"antikken,_0",578.0,1,[20],,meco_para_7
daha_0,1202.0,2,"[12, 13]",,meco_para_7
bicimsel_0,589.0,1,[8],,meco_para_7
bir_0,nan,0,[],,meco_para_7
metodoloji_0,nan,0,[],,meco_para_7
orta_0,nan,0,[],,meco_para_7
 caglarin_0,nan,0,[],,meco_para_7
sonlarindan_0,nan,0,[],,meco_para_7
 glnUmUuze_0,nan,0,[],,meco_para_7
yavasca__0,609.0,1,[4],,meco_para_7
olusmaktadir._0,2411.0,4,"[3, 18, 19, 21]",,meco_para_7
"Modern,_0",1206.0,2,"[14, 69]",,meco_para_7
profesyonel_0,nan,0,[],,meco_para_7
sarap_3,nan,0,[],,meco_para_7
—_0,nan,0,[],,meco_para_7
tadimcilari_0,nan,0,[],,meco_para_7
sarabin_1,nan,0,[],meco_para_7_qa_1 ,meco_para_7
algilanan_0,nan,0,[],meco_para_7_qa_1 ,meco_para_7
lezzet_0,nan,0,[],meco_para_7_qa_1 ,meco_para_7
" cesitlerini,_0",nan,0,[],meco_para_7_qa_1 ,meco_para_7
aromasini_0,nan,0,[],meco_para_7_qa_1 ,meco_para_7
ve_1,593.0,1,[11],meco_para_7_qa_1 ,meco_para_7
 genel__0,596.0,1,[17],meco_para_7_qa_1 ,meco_para_7
karakteristigini_0,1176.0,2,"[9, 10]",meco_para_7_qa_1 ,meco_para_7
tarif_0,nan,0,[],meco_para_7_qa_1 ,meco_para_7
etmek_0,nan,0,[],meco_para_7_qa_1 ,meco_para_7
icin_0,nan,0,[],meco_para_7_qa_1 ,meco_para_7
kullanilan_0,nan,0,[],meco_para_7_qa_1 ,meco_para_7
stirekli_0,nan,0,[],meco_para_7_qa_1 ,meco_para_7
olarak_1,nan,0,[],meco_para_7_qa_1 ,meco_para_7
gelisen_0,nan,0,[],meco_para_7_qa_1 ,meco_para_7
6zellesmis_—_0,573.0,1,[68],meco_para_7_qa_1 ,meco_para_7
terminolojiyi_0,589.0,1,[15],meco_para_7_qa_1 ,meco_para_7
kullanirlar._0,657.0,1,[70],meco_para_7_qa_1 ,meco_para_7
Son_0,nan,0,[],meco_para_7_qa_1 ,meco_para_7
yillarda_0,nan,0,[],meco_para_7_qa_1 ,meco_para_7
hem_0,nan,0,[],meco_para_7_qa_1 ,meco_para_7
uzmanlarda_0,nan,0,[],meco_para_7_qa_0 ,meco_para_7
hem_1,nan,0,[],meco_para_7_qa_0 ,meco_para_7
de__0,nan,0,[],meco_para_7_qa_0 ,meco_para_7
tiketicilerde_0,1269.0,2,"[2, 59]",meco_para_7_qa_0 ,meco_para_7
sarap_4,575.0,1,[25],meco_para_7_qa_0 ,meco_para_7
tadimi__0,604.0,1,[22],meco_para_7_qa_0 ,meco_para_7
guvenilirligini_0,1176.0,2,"[16, 34]",meco_para_7_qa_0 ,meco_para_7
zorlayan_0,590.0,1,[71],meco_para_7_qa_0 ,meco_para_7
 sonuclar_0,nan,0,[],,meco_para_7
 ortaya_0,nan,0,[],,meco_para_7
ciktl._0,nan,0,[],,meco_para_7
"Ornegin,_0",nan,0,[],,meco_para_7
arastirmalar_0,nan,0,[],,meco_para_7
insanlarin_0,1863.0,3,"[58, 60, 86]",,meco_para_7
daha_1,1791.0,3,"[56, 57, 79]",,meco_para_7
pahali_0,594.0,1,[24],,meco_para_7
sarabin_2,578.0,1,[23],,meco_para_7
daha_2,1189.0,2,"[35, 36]",,meco_para_7
ucuz_0,nan,0,[],,meco_para_7
saraba__0,nan,0,[],,meco_para_7
gore_0,nan,0,[],,meco_para_7
daha_3,nan,0,[],,meco_para_7
fazla_0,nan,0,[],,meco_para_7
 arzulanan__0,nan,0,[],,meco_para_7
karakteristige_0,nan,0,[],,meco_para_7
sahip_0,1200.0,2,"[80, 85]",,meco_para_7
olmasini_0,4185.0,7,"[26, 27, 54, 67, 81, 82, 84]",,meco_para_7
beklediklerini_0,2995.0,5,"[33, 38, 39, 40, 83]",,meco_para_7
gostermistir:_0,1188.0,2,"[37, 72]",,meco_para_7
|_0,nan,0,[],,meco_para_7
Tadimcilar_0,nan,0,[],,meco_para_7
verilen_0,nan,0,[],,meco_para_7
 sarabin_0,nan,0,[],,meco_para_7
gercek_0,nan,0,[],,meco_para_7
olmayan’_0,nan,0,[],,meco_para_7
bir_1,601.0,1,[87],,meco_para_7
 sekilde_0,nan,0,[],,meco_para_7
 pahali_0,1766.0,3,"[28, 66, 78]",,meco_para_7
oldugu_0,1792.0,3,"[50, 51, 77]",,meco_para_7
"soylendiginde,_0",629.0,1,[73],,meco_para_7
neredeyse_0,nan,0,[],,meco_para_7
her_0,nan,0,[],,meco_para_7
zaman_0,nan,0,[],,meco_para_7
ayni_0,nan,0,[],,meco_para_7
sarap_5,nan,0,[],,meco_para_7
onlara__0,nan,0,[],,meco_para_7
ucuz_1,nan,0,[],,meco_para_7
oldugu_sdylendiginden_0,3036.0,6,"[0, 29, 53, 88, 89, 92]",,meco_para_7
daha__0,3050.0,5,"[32, 41, 52, 74, 75]",,meco_para_7
lezzetli_0,1195.0,2,"[76, 95]",,meco_para_7
oldugunu_0,nan,0,[],,meco_para_7
belirttiler._0,nan,0,[],,meco_para_7
Baska_0,nan,0,[],,meco_para_7
calismalar_0,nan,0,[],,meco_para_7
gosteriyor_0,nan,0,[],,meco_para_7
ki_0,nan,0,[],,meco_para_7
tadimcilarin”_0,1832.0,3,"[1, 61, 91]",,meco_para_7
kararlari_0,nan,0,[],,meco_para_7
cografi_0,1193.0,2,"[93, 94]",,meco_para_7
"kéken,_0",596.0,1,[42],,meco_para_7
itibar_0,nan,0,[],,meco_para_7
veya_0,nan,0,[],,meco_para_7
diger_0,nan,0,[],,meco_para_7
etkenlerin_0,nan,0,[],meco_para_7_qa_2 ,meco_para_7
 bilinmesiyle_0,nan,0,[],meco_para_7_qa_2 ,meco_para_7
etki_0,nan,0,[],meco_para_7_qa_2 ,meco_para_7
=_0,nan,0,[],meco_para_7_qa_2 ,meco_para_7
altinda___0,nan,0,[],meco_para_7_qa_2 ,meco_para_7
kalabiliyor._0,5010.0,8,"[64, 65, 90, 100, 101, 103, 105, 107]",meco_para_7_qa_2 ,meco_para_7
Objektif_0,637.0,1,[104],meco_para_7_qa_2 ,meco_para_7
sarap_6,599.0,1,[98],meco_para_7_qa_2 ,meco_para_7
tadimi_1,1758.0,3,"[30, 31, 49]",meco_para_7_qa_2 ,meco_para_7
bu_0,nan,0,[],meco_para_7_qa_2 ,meco_para_7
yuzen_0,1236.0,2,"[44, 47]",meco_para_7_qa_2 ,meco_para_7
—_1,605.0,1,[45],meco_para_7_qa_2 ,meco_para_7
sarabin_3,605.0,1,[45],meco_para_7_qa_2 ,meco_para_7
kor_0,nan,0,[],meco_para_7_qa_2 ,meco_para_7
tadimini_0,nan,0,[],meco_para_7_qa_2 ,meco_para_7
gerektirir-_0,nan,0,[],meco_para_7_qa_2 ,meco_para_7
bu_1,nan,0,[],meco_para_7_qa_2 ,meco_para_7
 tadimcinin§_0,nan,0,[],meco_para_7_qa_2 ,meco_para_7
sarabin_4,2590.0,4,"[90, 102, 106, 107]",meco_para_7_qa_2 ,meco_para_7
etiketini_0,1186.0,2,"[112, 114]",meco_para_7_qa_2 ,meco_para_7
veya_1,nan,0,[],meco_para_7_qa_2 ,meco_para_7
 sisenin_0,625.0,1,[96],meco_para_7_qa_2 ,meco_para_7
—_2,1866.0,3,"[48, 96, 97]",meco_para_7_qa_2 ,meco_para_7
seklini_0,1241.0,2,"[48, 97]",meco_para_7_qa_2 ,meco_para_7
gormemesidir._0,nan,0,[],meco_para_7_qa_3 ,meco_para_7
Kor_1,nan,0,[],meco_para_7_qa_3 ,meco_para_7
tadim_1,nan,0,[],meco_para_7_qa_3 ,meco_para_7
 ayrica_0,nan,0,[],meco_para_7_qa_3 ,meco_para_7
sarabin§_0,nan,0,[],meco_para_7_qa_3 ,meco_para_7
siyah_0,592.0,1,[63],meco_para_7_qa_3 ,meco_para_7
sarap_7,1813.0,3,"[62, 108, 111]",meco_para_7_qa_3 ,meco_para_7
 bardaginda__0,590.0,1,[113],meco_para_7_qa_3 ,meco_para_7
sarabin_5,nan,0,[],meco_para_7_qa_3 ,meco_para_7
__rengini_0,nan,0,[],meco_para_7_qa_3 ,meco_para_7
maskeleyecek_0,nan,0,[],meco_para_7_qa_3 ,meco_para_7
sekilde_0,nan,0,[],meco_para_7_qa_3 ,meco_para_7
servis_0,nan,0,[],meco_para_7_qa_3 ,meco_para_7
edilmesini_0,nan,0,[],meco_para_7_qa_3 ,meco_para_7
de_0,nan,0,[],meco_para_7_qa_3 ,meco_para_7
___0,nan,0,[],meco_para_7_qa_3 ,meco_para_7
icerir._0,nan,0,[],meco_para_7_qa_3 ,meco_para_7
Harvard_0,nan,0,[],,a_HarvardUniversity_1
Business_0,nan,0,[],,a_HarvardUniversity_1
School_0,nan,0,[],,a_HarvardUniversity_1
ve_0,nan,0,[],,a_HarvardUniversity_1
Harvard_1,nan,0,[],,a_HarvardUniversity_1
Stadyumu_0,nan,0,[],,a_HarvardUniversity_1
da_0,nan,0,[],,a_HarvardUniversity_1
dahil_0,nan,0,[],,a_HarvardUniversity_1
olmak_0,nan,0,[],,a_HarvardUniversity_1
Uzere_0,nan,0,[],,a_HarvardUniversity_1
Universitenin_0,nan,0,[],,a_HarvardUniversity_1
atletizm_0,nan,0,[],,a_HarvardUniversity_1
 tesislerinin_0,1431.0,2,"[3, 4]",,a_HarvardUniversity_1
"¢ogu,_0",nan,0,[],,a_HarvardUniversity_1
Allston'daki_0,799.0,1,[43],a_HarvardUniversity_1_qa_0 ,a_HarvardUniversity_1
Cambridge_0,1286.0,2,"[44, 45]",,a_HarvardUniversity_1
kampistnun_0,nan,0,[],,a_HarvardUniversity_1
karsisindaki_0,nan,0,[],a_HarvardUniversity_1_qa_1 ,a_HarvardUniversity_1
358_0,nan,0,[],a_HarvardUniversity_1_qa_1 ,a_HarvardUniversity_1
d6dnumluk_0,nan,0,[],a_HarvardUniversity_1_qa_1 ,a_HarvardUniversity_1
(145_0,nan,0,[],a_HarvardUniversity_1_qa_1 ,a_HarvardUniversity_1
hektar)_0,1206.0,2,"[2, 65]",a_HarvardUniversity_1_qa_1 ,a_HarvardUniversity_1
kamplste_0,3044.0,5,"[1, 13, 49, 57, 63]",a_HarvardUniversity_1_qa_1 ,a_HarvardUniversity_1
yer_0,1252.0,2,"[15, 78]",a_HarvardUniversity_1_qa_1 ,a_HarvardUniversity_1
almaktadir._0,649.0,1,[62],a_HarvardUniversity_1_qa_1 ,a_HarvardUniversity_1
John_0,nan,0,[],a_HarvardUniversity_1_qa_1 ,a_HarvardUniversity_1
W._0,nan,0,[],a_HarvardUniversity_1_qa_1 ,a_HarvardUniversity_1
Weeks_0,nan,0,[],a_HarvardUniversity_1_qa_1 ,a_HarvardUniversity_1
"KO6prust,_0",nan,0,[],a_HarvardUniversity_1_qa_1 ,a_HarvardUniversity_1
her_0,nan,0,[],a_HarvardUniversity_1_qa_1 ,a_HarvardUniversity_1
iki_0,nan,0,[],a_HarvardUniversity_1_qa_1 ,a_HarvardUniversity_1
kampust_0,nan,0,[],a_HarvardUniversity_1_qa_1 ,a_HarvardUniversity_1
birbirine_0,1838.0,3,"[9, 24, 66]",a_HarvardUniversity_1_qa_1 ,a_HarvardUniversity_1
baglayan_0,3057.0,5,"[14, 18, 23, 56, 60]",a_HarvardUniversity_1_qa_1 ,a_HarvardUniversity_1
Charles_0,2474.0,4,"[17, 42, 77, 79]",a_HarvardUniversity_1_qa_1 ,a_HarvardUniversity_1
Nehri_0,nan,0,[],a_HarvardUniversity_1_qa_1 ,a_HarvardUniversity_1
Uzerindeki_0,nan,0,[],a_HarvardUniversity_1_qa_1 ,a_HarvardUniversity_1
yaya_0,nan,0,[],,a_HarvardUniversity_1
k6dprustdir._0,nan,0,[],,a_HarvardUniversity_1
Harvard_2,nan,0,[],,a_HarvardUniversity_1
Tip_0,nan,0,[],,a_HarvardUniversity_1
"Okulu,_0",nan,0,[],,a_HarvardUniversity_1
Harvard_3,3074.0,5,"[7, 8, 25, 54, 67]",,a_HarvardUniversity_1
Dis_0,2489.0,4,"[28, 29, 30, 41]",,a_HarvardUniversity_1
Hekimligi_0,4245.0,7,"[11, 21, 50, 51, 68, 70, 75]",,a_HarvardUniversity_1
Okulu)_0,598.0,1,[76],,a_HarvardUniversity_1
ve_1,nan,0,[],,a_HarvardUniversity_1
Harvard_4,nan,0,[],,a_HarvardUniversity_1
Halk_0,nan,0,[],,a_HarvardUniversity_1
Sagligi_0,nan,0,[],,a_HarvardUniversity_1
"Okulu,_1",nan,0,[],,a_HarvardUniversity_1
Boston_0,nan,0,[],,a_HarvardUniversity_1
sehir_0,nan,0,[],,a_HarvardUniversity_1
merkezinin§_0,1411.0,2,"[33, 34]",,a_HarvardUniversity_1
yaklasik_0,3758.0,6,"[32, 35, 37, 39, 40, 53]",,a_HarvardUniversity_1
"3,3._0",607.0,1,[22],,a_HarvardUniversity_1
mil_0,1865.0,3,"[52, 69, 74]",,a_HarvardUniversity_1
(5.3_0,591.0,1,[73],,a_HarvardUniversity_1
km)_0,1200.0,2,"[71, 80]",,a_HarvardUniversity_1
guneybatisinda_0,nan,0,[],a_HarvardUniversity_1_qa_2 ,a_HarvardUniversity_1
ve_2,nan,0,[],a_HarvardUniversity_1_qa_2 ,a_HarvardUniversity_1
Cambridge_1,nan,0,[],a_HarvardUniversity_1_qa_2 ,a_HarvardUniversity_1
kampUustntin_0,nan,0,[],a_HarvardUniversity_1_qa_2 ,a_HarvardUniversity_1
"3,3_1",nan,0,[],a_HarvardUniversity_1_qa_2 ,a_HarvardUniversity_1
mil_1,nan,0,[],a_HarvardUniversity_1_qa_2 ,a_HarvardUniversity_1
"(5,3_1",587.0,1,[36],a_HarvardUniversity_1_qa_2 ,a_HarvardUniversity_1
km)_1,605.0,1,[31],a_HarvardUniversity_1_qa_2 ,a_HarvardUniversity_1
"glineyinde,_0",1213.0,2,"[72, 81]",a_HarvardUniversity_1_qa_2 ,a_HarvardUniversity_1
Longwood_0,nan,0,[],a_HarvardUniversity_1_qa_2 ,a_HarvardUniversity_1
Tip_1,nan,0,[],a_HarvardUniversity_1_qa_2 ,a_HarvardUniversity_1
ve_3,nan,0,[],a_HarvardUniversity_1_qa_2 ,a_HarvardUniversity_1
Akademik_0,nan,0,[],a_HarvardUniversity_1_qa_2 ,a_HarvardUniversity_1
Alaninda_0,nan,0,[],a_HarvardUniversity_1_qa_2 ,a_HarvardUniversity_1
21_0,nan,0,[],a_HarvardUniversity_1_qa_2 ,a_HarvardUniversity_1
dénumluk_0,nan,0,[],a_HarvardUniversity_1_qa_2 ,a_HarvardUniversity_1
"(8,5_0",nan,0,[],a_HarvardUniversity_1_qa_2 ,a_HarvardUniversity_1
 hektarlik)_0,nan,0,[],a_HarvardUniversity_1_qa_2 ,a_HarvardUniversity_1
bir_0,nan,0,[],a_HarvardUniversity_1_qa_2 ,a_HarvardUniversity_1
kampuste_0,nan,0,[],a_HarvardUniversity_1_qa_2 ,a_HarvardUniversity_1
konumlanmaktadir._0,nan,0,[],,a_HarvardUniversity_1
Kuzeybati_0,nan,0,[],,a_Rhine_3
Avrupa_0,nan,0,[],,a_Rhine_3
22.000_0,nan,0,[],a_Rhine_3_qa_0 ,a_Rhine_3
yil_0,nan,0,[],a_Rhine_3_qa_0 ,a_Rhine_3
Once_0,1214.0,2,"[13, 54]",a_Rhine_3_qa_0 ,a_Rhine_3
yavasga__0,626.0,1,[55],,a_Rhine_3
isinmaya__0,590.0,1,[15],,a_Rhine_3
"basladi,_0",nan,0,[],,a_Rhine_3
donmus_0,nan,0,[],,a_Rhine_3
alt_0,nan,0,[],,a_Rhine_3
topraklar_0,nan,0,[],,a_Rhine_3
ve_0,nan,0,[],,a_Rhine_3
genlesen_0,nan,0,[],,a_Rhine_3
alpin_0,nan,0,[],,a_Rhine_3
 buzullari_0,3547.0,6,"[3, 17, 18, 22, 23, 52]",,a_Rhine_3
erimeye_0,2952.0,5,"[4, 12, 19, 20, 21]",a_Rhine_3_qa_1 ,a_Rhine_3
basladi_1,nan,0,[],,a_Rhine_3
ve_1,nan,0,[],,a_Rhine_3
sonbahar-kis_0,nan,0,[],,a_Rhine_3
kar_0,nan,0,[],,a_Rhine_3
ortileri_0,nan,0,[],,a_Rhine_3
baharda_0,nan,0,[],,a_Rhine_3
erimeye_1,1166.0,2,"[71, 76]",,a_Rhine_3
basladi._2,2334.0,4,"[27, 29, 74, 77]",,a_Rhine_3
Ortaya_0,1780.0,3,"[34, 51, 84]",,a_Rhine_3
cikan_0,1808.0,3,"[10, 24, 83]",,a_Rhine_3
suyun_0,1202.0,2,"[5, 11]",,a_Rhine_3
cogu_0,nan,0,[],,a_Rhine_3
Ren_0,nan,0,[],a_Rhine_3_qa_2 ,a_Rhine_3
Nehri_0,nan,0,[],,a_Rhine_3
ve_2,nan,0,[],,a_Rhine_3
asagi_0,nan,0,[],,a_Rhine_3
akim_0,nan,0,[],,a_Rhine_3
uzantisina’_0,nan,0,[],,a_Rhine_3
ydneldi._0,nan,0,[],,a_Rhine_3
Hizli_0,1182.0,2,"[28, 49]",,a_Rhine_3
isinma_0,1192.0,2,"[33, 50]",,a_Rhine_3
ve_3,nan,0,[],,a_Rhine_3
bitki_0,1762.0,3,"[26, 78, 82]",,a_Rhine_3
OrtUsti_0,600.0,1,[35],,a_Rhine_3
defgisiklikleri_0,586.0,1,[7],,a_Rhine_3
ve_4,nan,0,[],,a_Rhine_3
ormanlar_0,nan,0,[],,a_Rhine_3
13.000_0,nan,0,[],a_Rhine_3_qa_3 ,a_Rhine_3
yil_1,nan,0,[],a_Rhine_3_qa_3 ,a_Rhine_3
6nce_0,nan,0,[],,a_Rhine_3
olusmaya_0,600.0,1,[70],,a_Rhine_3
basladi._3,1807.0,3,"[48, 68, 69]",,a_Rhine_3
9000_0,nan,0,[],a_Rhine_3_qa_4 ,a_Rhine_3
yil_2,1793.0,3,"[36, 38, 67]",a_Rhine_3_qa_4 ,a_Rhine_3
6ncesi_0,2946.0,5,"[9, 25, 39, 64, 81]",,a_Rhine_3
itibarlyla_0,3534.0,6,"[8, 58, 59, 63, 66, 80]",,a_Rhine_3
Avrupa_1,1825.0,3,"[6, 60, 62]",,a_Rhine_3
tamamen_0,nan,0,[],,a_Rhine_3
agaclandirilmis_0,nan,0,[],,a_Rhine_3
haldeydi._0,nan,0,[],,a_Rhine_3
KUresel_0,nan,0,[],,a_Rhine_3
olarak_0,nan,0,[],,a_Rhine_3
cekilen_0,1789.0,4,"[0, 1, 46, 47]",,a_Rhine_3
buz_0,1780.0,3,"[41, 42, 43]",,a_Rhine_3
Orttsuyle_0,624.0,1,[40],,a_Rhine_3
" birlikte,_0",591.0,1,[65],,a_Rhine_3
okyanus_0,nan,0,[],,a_Rhine_3
su_0,nan,0,[],,a_Rhine_3
seviyeleri_0,nan,0,[],,a_Rhine_3
"yikseldi,_0",nan,0,[],,a_Rhine_3
Mans_0,nan,0,[],,a_Rhine_3
Denizi_0,nan,0,[],,a_Rhine_3
ve_5,nan,0,[],,a_Rhine_3
Kuzey_0,nan,0,[],,a_Rhine_3
Denizi_1,nan,0,[],,a_Rhine_3
tekrar_0,580.0,1,[44],,a_Rhine_3
su_1,nan,0,[],,a_Rhine_3
ile_0,nan,0,[],,a_Rhine_3
kaplandi._0,nan,0,[],,a_Rhine_3
Erime_0,nan,0,[],,a_Rhine_3
"suyu,_0",nan,0,[],,a_Rhine_3
okyanusa_0,nan,0,[],,a_Rhine_3
ve_6,nan,0,[],,a_Rhine_3
toprak_0,nan,0,[],,a_Rhine_3
¢dkmesine_0,nan,0,[],,a_Rhine_3
katkida_0,nan,0,[],,a_Rhine_3
"bulunarak,_0",nan,0,[],,a_Rhine_3
Avrupa’nin_0,nan,0,[],,a_Rhine_3
 6nceki_0,nan,0,[],,a_Rhine_3
sahillerini_0,nan,0,[],,a_Rhine_3
sular_0,nan,0,[],,a_Rhine_3
 altinda_0,nan,0,[],,a_Rhine_3
—_0,nan,0,[],,a_Rhine_3
birakti._0,nan,0,[],,a_Rhine_3
 _0,nan,0,[],a_Computationalcomplexitytheory_4_qa_0 ,a_Computationalcomplexitytheory_4
Bilinen_0,nan,0,[],,a_Computationalcomplexitytheory_4
 birgok_0,nan,0,[],,a_Computationalcomplexitytheory_4
karmasiklik_0,nan,0,[],a_Computationalcomplexitytheory_4_qa_1 ,a_Computationalcomplexitytheory_4
sinifinin’_0,641.0,1,[51],a_Computationalcomplexitytheory_4_qa_1 ,a_Computationalcomplexitytheory_4
esit_0,1875.0,3,"[2, 30, 32]",a_Computationalcomplexitytheory_4_qa_0 a_Computationalcomplexitytheory_4_qa_1 ,a_Computationalcomplexitytheory_4
olmadigindan_0,3087.0,5,"[3, 13, 17, 52, 53]",a_Computationalcomplexitytheory_4_qa_0 a_Computationalcomplexitytheory_4_qa_1 ,a_Computationalcomplexitytheory_4
" stphelenilmektedir,_0",616.0,1,[18],a_Computationalcomplexitytheory_4_qa_0 a_Computationalcomplexitytheory_4_qa_1 ,a_Computationalcomplexitytheory_4
ancak_0,nan,0,[],,a_Computationalcomplexitytheory_4
bu_0,nan,0,[],,a_Computationalcomplexitytheory_4
kanitlanmamistir._0,nan,0,[],,a_Computationalcomplexitytheory_4
Ornegin_0,nan,0,[],,a_Computationalcomplexitytheory_4
P_0,nan,0,[],a_Computationalcomplexitytheory_4_qa_1 ,a_Computationalcomplexitytheory_4
©_0,nan,0,[],a_Computationalcomplexitytheory_4_qa_1 ,a_Computationalcomplexitytheory_4
NP_0,nan,0,[],a_Computationalcomplexitytheory_4_qa_1 ,a_Computationalcomplexitytheory_4
¢_0,1228.0,2,"[50, 58]",a_Computationalcomplexitytheory_4_qa_1 ,a_Computationalcomplexitytheory_4
PP_0,nan,0,[],a_Computationalcomplexitytheory_4_qa_1 ,a_Computationalcomplexitytheory_4
¢_1,613.0,2,"[0, 23]",a_Computationalcomplexitytheory_4_qa_1 ,a_Computationalcomplexitytheory_4
"PSPACE,_0",1232.0,2,"[4, 12]",a_Computationalcomplexitytheory_4_qa_1 ,a_Computationalcomplexitytheory_4
ancak_1,nan,0,[],,a_Computationalcomplexitytheory_4
P_1,nan,0,[],,a_Computationalcomplexitytheory_4
=_0,nan,0,[],,a_Computationalcomplexitytheory_4
PSPACE_1,nan,0,[],,a_Computationalcomplexitytheory_4
olabilir._0,nan,0,[],a_Computationalcomplexitytheory_4_qa_2 ,a_Computationalcomplexitytheory_4
"P,_2",nan,0,[],a_Computationalcomplexitytheory_4_qa_2 ,a_Computationalcomplexitytheory_4
NP'ye_0,nan,0,[],a_Computationalcomplexitytheory_4_qa_2 ,a_Computationalcomplexitytheory_4
esit_1,nan,0,[],a_Computationalcomplexitytheory_4_qa_2 ,a_Computationalcomplexitytheory_4
"degilse,_0",nan,0,[],a_Computationalcomplexitytheory_4_qa_2 ,a_Computationalcomplexitytheory_4
P_3,nan,0,[],a_Computationalcomplexitytheory_4_qa_2 ,a_Computationalcomplexitytheory_4
de_0,2410.0,4,"[33, 34, 55, 56]",a_Computationalcomplexitytheory_4_qa_2 ,a_Computationalcomplexitytheory_4
PSPACE'e_0,2057.0,3,"[1, 25, 54]",a_Computationalcomplexitytheory_4_qa_2 ,a_Computationalcomplexitytheory_4
esit_2,1190.0,2,"[22, 26]",a_Computationalcomplexitytheory_4_qa_2 ,a_Computationalcomplexitytheory_4
degildir._0,1212.0,2,"[19, 28]",a_Computationalcomplexitytheory_4_qa_2 ,a_Computationalcomplexitytheory_4
P_4,nan,0,[],a_Computationalcomplexitytheory_4_qa_2 ,a_Computationalcomplexitytheory_4
ve_0,nan,0,[],a_Computationalcomplexitytheory_4_qa_2 ,a_Computationalcomplexitytheory_4
PSPACE_2,nan,0,[],a_Computationalcomplexitytheory_4_qa_2 ,a_Computationalcomplexitytheory_4
arasinda_0,nan,0,[],a_Computationalcomplexitytheory_4_qa_2 ,a_Computationalcomplexitytheory_4
"RP,_0",nan,0,[],a_Computationalcomplexitytheory_4_qa_2 ,a_Computationalcomplexitytheory_4
"BPP,_0",nan,0,[],a_Computationalcomplexitytheory_4_qa_2 ,a_Computationalcomplexitytheory_4
"PP,_1",nan,0,[],a_Computationalcomplexitytheory_4_qa_2 ,a_Computationalcomplexitytheory_4
"BQP,_0",nan,0,[],a_Computationalcomplexitytheory_4_qa_2 ,a_Computationalcomplexitytheory_4
"MA,_0",nan,0,[],a_Computationalcomplexitytheory_4_qa_2 ,a_Computationalcomplexitytheory_4
"PH,_0",609.0,1,[35],a_Computationalcomplexitytheory_4_qa_2 ,a_Computationalcomplexitytheory_4
vb._0,nan,0,[],a_Computationalcomplexitytheory_4_qa_2 ,a_Computationalcomplexitytheory_4
gibi_0,648.0,1,[24],a_Computationalcomplexitytheory_4_qa_2 ,a_Computationalcomplexitytheory_4
bilinen_1,588.0,1,[27],a_Computationalcomplexitytheory_4_qa_2 ,a_Computationalcomplexitytheory_4
 birgok_1,1224.0,2,"[11, 21]",a_Computationalcomplexitytheory_4_qa_2 ,a_Computationalcomplexitytheory_4
karmasiklik_1,609.0,1,[5],a_Computationalcomplexitytheory_4_qa_2 ,a_Computationalcomplexitytheory_4
—_0,nan,0,[],a_Computationalcomplexitytheory_4_qa_2 ,a_Computationalcomplexitytheory_4
sinifi_0,nan,0,[],a_Computationalcomplexitytheory_4_qa_2 ,a_Computationalcomplexitytheory_4
"oldugundan,_0",nan,0,[],a_Computationalcomplexitytheory_4_qa_3 ,a_Computationalcomplexitytheory_4
tum_0,nan,0,[],a_Computationalcomplexitytheory_4_qa_3 ,a_Computationalcomplexitytheory_4
bu_1,nan,0,[],a_Computationalcomplexitytheory_4_qa_3 ,a_Computationalcomplexitytheory_4
karmasiklik_2,nan,0,[],a_Computationalcomplexitytheory_4_qa_3 ,a_Computationalcomplexitytheory_4
 siniflarin’_0,nan,0,[],a_Computationalcomplexitytheory_4_qa_3 ,a_Computationalcomplexitytheory_4
bir_0,1272.0,2,"[37, 48]",a_Computationalcomplexitytheory_4_qa_3 ,a_Computationalcomplexitytheory_4
sinifa_0,620.0,1,[39],a_Computationalcomplexitytheory_4_qa_3 ,a_Computationalcomplexitytheory_4
daraltmas!_0,606.0,1,[47],a_Computationalcomplexitytheory_4_qa_3 ,a_Computationalcomplexitytheory_4
mumkindur._0,1240.0,2,"[7, 20]",a_Computationalcomplexitytheory_4_qa_3 ,a_Computationalcomplexitytheory_4
Bu_2,nan,0,[],a_Computationalcomplexitytheory_4_qa_3 ,a_Computationalcomplexitytheory_4
siniflarin_0,nan,0,[],a_Computationalcomplexitytheory_4_qa_3 ,a_Computationalcomplexitytheory_4
herhangi_0,nan,0,[],a_Computationalcomplexitytheory_4_qa_3 ,a_Computationalcomplexitytheory_4
birinin§_0,nan,0,[],a_Computationalcomplexitytheory_4_qa_3 ,a_Computationalcomplexitytheory_4
esit_3,nan,0,[],a_Computationalcomplexitytheory_4_qa_3 ,a_Computationalcomplexitytheory_4
olmadigini_0,nan,0,[],a_Computationalcomplexitytheory_4_qa_3 ,a_Computationalcomplexitytheory_4
"kanitlamak,_0",nan,0,[],a_Computationalcomplexitytheory_4_qa_3 ,a_Computationalcomplexitytheory_4
karmasiklik_3,2430.0,4,"[42, 44, 45, 46]",a_Computationalcomplexitytheory_4_qa_3 ,a_Computationalcomplexitytheory_4
 teorisinde_0,nan,0,[],a_Computationalcomplexitytheory_4_qa_3 ,a_Computationalcomplexitytheory_4
6nemii_0,600.0,1,[8],a_Computationalcomplexitytheory_4_qa_3 ,a_Computationalcomplexitytheory_4
bir_1,nan,0,[],,a_Computationalcomplexitytheory_4
atilim_0,nan,0,[],,a_Computationalcomplexitytheory_4
—_1,nan,0,[],,a_Computationalcomplexitytheory_4
olacaktir._0,nan,0,[],,a_Computationalcomplexitytheory_4
"Ambargo,_0",nan,0,[],a_1973oilcrisis_1_qa_0 ,a_1973oilcrisis_1
ABD_0,nan,0,[],,a_1973oilcrisis_1
enerji_0,nan,0,[],,a_1973oilcrisis_1
guvenligi_0,2469.0,4,"[25, 53, 72, 80]",,a_1973oilcrisis_1
Uzerindeki_0,6037.0,10,"[18, 22, 33, 38, 55, 57, 69, 71, 81, 82]",,a_1973oilcrisis_1
tehditleri_0,1838.0,3,"[16, 36, 56]",,a_1973oilcrisis_1
ele_0,nan,0,[],,a_1973oilcrisis_1
almak_0,nan,0,[],,a_1973oilcrisis_1
icin_0,nan,0,[],,a_1973oilcrisis_1
acil_0,nan,0,[],,a_1973oilcrisis_1
taleplere_0,nan,0,[],,a_1973oilcrisis_1
neden_0,nan,0,[],,a_1973oilcrisis_1
olarak_0,nan,0,[],,a_1973oilcrisis_1
ABD_1,nan,0,[],,a_1973oilcrisis_1
 ekonomisini_0,3010.0,5,"[40, 51, 73, 74, 79]",,a_1973oilcrisis_1
olumsuz__0,3013.0,5,"[26, 27, 39, 77, 78]",,a_1973oilcrisis_1
etkilemistir._0,3050.0,5,"[7, 19, 21, 31, 76]",,a_1973oilcrisis_1
Uluslararas!_0,1232.0,2,"[10, 12]",,a_1973oilcrisis_1
"duzeyde,_0",644.0,1,[11],,a_1973oilcrisis_1
fiyat_0,nan,0,[],,a_1973oilcrisis_1
artislar!_0,nan,0,[],,a_1973oilcrisis_1
otomobil_0,nan,0,[],a_1973oilcrisis_1_qa_1 ,a_1973oilcrisis_1
gibi_0,621.0,1,[43],,a_1973oilcrisis_1
birgok_0,1223.0,2,"[42, 45]",,a_1973oilcrisis_1
sektérde_0,1241.0,2,"[5, 50]",,a_1973oilcrisis_1
rekabetci_0,nan,0,[],,a_1973oilcrisis_1
konumlari_0,1245.0,2,"[20, 28]",,a_1973oilcrisis_1
degistirdi._0,nan,0,[],,a_1973oilcrisis_1
Makroekonomik_0,nan,0,[],a_1973oilcrisis_1_qa_2 ,a_1973oilcrisis_1
problemler_0,nan,0,[],,a_1973oilcrisis_1
hem_0,1917.0,3,"[2, 4, 47]",,a_1973oilcrisis_1
enflasyonist_0,1200.0,2,"[6, 75]",,a_1973oilcrisis_1
hem_1,nan,0,[],,a_1973oilcrisis_1
de_0,644.0,1,[30],,a_1973oilcrisis_1
=_0,644.0,1,[30],,a_1973oilcrisis_1
deflasyonist_0,646.0,1,[29],,a_1973oilcrisis_1
etkilerden_0,nan,0,[],,a_1973oilcrisis_1
olustu._0,nan,0,[],,a_1973oilcrisis_1
Ambargo_1,nan,0,[],,a_1973oilcrisis_1
petrol_0,nan,0,[],,a_1973oilcrisis_1
"sirketlerini,_0",1909.0,3,"[1, 48, 49]",,a_1973oilcrisis_1
Kuzey_0,591.0,1,[46],a_1973oilcrisis_1_qa_3 ,a_1973oilcrisis_1
Kutbu_0,639.0,1,[3],a_1973oilcrisis_1_qa_3 ,a_1973oilcrisis_1
gibi_1,nan,0,[],,a_1973oilcrisis_1
engebeli_0,nan,0,[],,a_1973oilcrisis_1
arazilerde_0,nan,0,[],,a_1973oilcrisis_1
"bile,_0",nan,0,[],,a_1973oilcrisis_1
petrol_1,nan,0,[],,a_1973oilcrisis_1
kaynaklarin!_0,nan,0,[],,a_1973oilcrisis_1
artirmak_0,nan,0,[],,a_1973oilcrisis_1
icin_1,nan,0,[],,a_1973oilcrisis_1
yeni_0,nan,0,[],,a_1973oilcrisis_1
yollar_0,nan,0,[],,a_1973oilcrisis_1
aramak_0,nan,0,[],,a_1973oilcrisis_1
zorunda__0,nan,0,[],,a_1973oilcrisis_1
birakti._0,nan,0,[],,a_1973oilcrisis_1
Onemli_0,nan,0,[],,a_1973oilcrisis_1
derecede_0,nan,0,[],a_1973oilcrisis_1_qa_4 ,a_1973oilcrisis_1
Uretime_0,nan,0,[],a_1973oilcrisis_1_qa_4 ,a_1973oilcrisis_1
baslamak_0,nan,0,[],a_1973oilcrisis_1_qa_4 ,a_1973oilcrisis_1
icin_2,nan,0,[],a_1973oilcrisis_1_qa_4 ,a_1973oilcrisis_1
petrol_2,nan,0,[],a_1973oilcrisis_1_qa_4 ,a_1973oilcrisis_1
bulmak_0,nan,0,[],a_1973oilcrisis_1_qa_4 ,a_1973oilcrisis_1
ve_0,nan,0,[],a_1973oilcrisis_1_qa_4 ,a_1973oilcrisis_1
yeni_1,nan,0,[],a_1973oilcrisis_1_qa_4 ,a_1973oilcrisis_1
alaniari_0,nan,0,[],a_1973oilcrisis_1_qa_4 ,a_1973oilcrisis_1
 gelistirmek_0,nan,0,[],a_1973oilcrisis_1_qa_4 ,a_1973oilcrisis_1
bes_0,nan,0,[],a_1973oilcrisis_1_qa_4 ,a_1973oilcrisis_1
ila_0,nan,0,[],a_1973oilcrisis_1_qa_4 ,a_1973oilcrisis_1
on_0,nan,0,[],a_1973oilcrisis_1_qa_4 ,a_1973oilcrisis_1
yil_0,nan,0,[],a_1973oilcrisis_1_qa_4 ,a_1973oilcrisis_1
strmekteydi._0,nan,0,[],a_1973oilcrisis_1_qa_4 ,a_1973oilcrisis_1
1973_0,nan,0,[],a_1973oilcrisis_2_qa_1 ,a_1973oilcrisis_2
yilinda_0,nan,0,[],,a_1973oilcrisis_2
"Nixon,_0",nan,0,[],,a_1973oilcrisis_2
ambargoya_0,3114.0,5,"[8, 9, 11, 22, 23]",a_1973oilcrisis_2_qa_2 ,a_1973oilcrisis_2
verilen_0,604.0,1,[31],a_1973oilcrisis_2_qa_2 ,a_1973oilcrisis_2
yaniti_0,609.0,1,[36],a_1973oilcrisis_2_qa_2 ,a_1973oilcrisis_2
koordine_0,nan,0,[],a_1973oilcrisis_2_qa_2 ,a_1973oilcrisis_2
etmek_0,nan,0,[],a_1973oilcrisis_2_qa_2 ,a_1973oilcrisis_2
icin_0,nan,0,[],a_1973oilcrisis_2_qa_2 ,a_1973oilcrisis_2
olusturulan_0,1243.0,2,"[1, 2]",,a_1973oilcrisis_2
kisa_0,nan,0,[],,a_1973oilcrisis_2
vadeli_0,nan,0,[],,a_1973oilcrisis_2
bir_0,nan,0,[],,a_1973oilcrisis_2
organizasyon_0,4344.0,7,"[10, 24, 25, 26, 28, 29, 30]",,a_1973oilcrisis_2
olan_0,621.0,1,[19],,a_1973oilcrisis_2
Federal_0,621.0,1,[21],,a_1973oilcrisis_2
Enerji_0,nan,0,[],,a_1973oilcrisis_2
Ofisinin_0,629.0,1,[5],,a_1973oilcrisis_2
ilk_0,nan,0,[],,a_1973oilcrisis_2
Y6neticisi_0,nan,0,[],,a_1973oilcrisis_2
olarak_0,nan,0,[],,a_1973oilcrisis_2
William_0,nan,0,[],a_1973oilcrisis_2_qa_0 ,a_1973oilcrisis_2
—._0,nan,0,[],a_1973oilcrisis_2_qa_0 ,a_1973oilcrisis_2
Simon'!_0,nan,0,[],a_1973oilcrisis_2_qa_0 ,a_1973oilcrisis_2
sec¢ti._0,1884.0,3,"[27, 39, 40]",,a_1973oilcrisis_2
"Simon,_0",613.0,1,[16],,a_1973oilcrisis_2
1974_0,805.0,1,[18],,a_1973oilcrisis_2
yilinda_1,622.0,1,[6],,a_1973oilcrisis_2
her_0,nan,0,[],,a_1973oilcrisis_2
bir_1,nan,0,[],,a_1973oilcrisis_2
eyalete_0,nan,0,[],,a_1973oilcrisis_2
1972'de_0,nan,0,[],,a_1973oilcrisis_2
tukettikleri_0,nan,0,[],,a_1973oilcrisis_2
kadar_0,nan,0,[],,a_1973oilcrisis_2
yerel_0,nan,0,[],,a_1973oilcrisis_2
petrol_0,nan,0,[],,a_1973oilcrisis_2
tahsis_0,623.0,1,[15],,a_1973oilcrisis_2
"etti,_0",640.0,1,[13],,a_1973oilcrisis_2
bu_0,nan,0,[],,a_1973oilcrisis_2
nifusu_0,nan,0,[],,a_1973oilcrisis_2
 artmayan_0,nan,0,[],,a_1973oilcrisis_2
 eyaletler_0,nan,0,[],,a_1973oilcrisis_2
icin_1,nan,0,[],,a_1973oilcrisis_2
yaradi._0,nan,0,[],,a_1973oilcrisis_2
Diger_0,nan,0,[],,a_1973oilcrisis_2
"eyaletlerde,_0",nan,0,[],,a_1973oilcrisis_2
benzin_0,579.0,1,[41],,a_1973oilcrisis_2
 istasyonlarinda_0,nan,0,[],,a_1973oilcrisis_2
 kuyruklar_0,nan,0,[],,a_1973oilcrisis_2
yaygindi._0,nan,0,[],,a_1973oilcrisis_2
Amerikan_0,nan,0,[],,a_1973oilcrisis_2
Otomobil_0,nan,0,[],,a_1973oilcrisis_2
"Birlizi,_0",nan,0,[],,a_1973oilcrisis_2
1974_1,nan,0,[],,a_1973oilcrisis_2
yilinin|_0,nan,0,[],,a_1973oilcrisis_2
Subat_0,629.0,1,[44],,a_1973oilcrisis_2
ayinin_0,624.0,1,[45],,a_1973oilcrisis_2
son_0,nan,0,[],,a_1973oilcrisis_2
"haftasinda,_0",nan,0,[],,a_1973oilcrisis_2
Amerikan_1,nan,0,[],,a_1973oilcrisis_2
benzin_1,nan,0,[],,a_1973oilcrisis_2
istasyonlarinin_0,nan,0,[],,a_1973oilcrisis_2
%20'sinde_0,nan,0,[],a_1973oilcrisis_2_qa_3 ,a_1973oilcrisis_2
yakit_0,nan,0,[],,a_1973oilcrisis_2
olmadigini_0,596.0,1,[43],,a_1973oilcrisis_2
bildirdi._0,nan,0,[],,a_1973oilcrisis_2
ise_0,nan,0,[],,a_1973oilcrisis_2
Harvard'a__0,nan,0,[],,a_HarvardUniversity_3
lisans__0,nan,0,[],,a_HarvardUniversity_3
"kabul,_0",nan,0,[],,a_HarvardUniversity_3
Carnegie_0,nan,0,[],,a_HarvardUniversity_3
Vakfi_0,nan,0,[],,a_HarvardUniversity_3
tarafindan_0,nan,0,[],,a_HarvardUniversity_3
"""daha_0",nan,0,[],,a_HarvardUniversity_3
"secici,_0",nan,0,[],,a_HarvardUniversity_3
daha_0,nan,0,[],,a_HarvardUniversity_3
dusk_0,nan,0,[],,a_HarvardUniversity_3
"gecis""_0",nan,0,[],,a_HarvardUniversity_3
olarak_0,nan,0,[],,a_HarvardUniversity_3
tanimlanir._0,nan,0,[],,a_HarvardUniversity_3
Harvard_0,nan,0,[],,a_HarvardUniversity_3
Koleji_0,nan,0,[],,a_HarvardUniversity_3
2019_0,nan,0,[],,a_HarvardUniversity_3
sinifi_0,nan,0,[],,a_HarvardUniversity_3
icin_0,nan,0,[],,a_HarvardUniversity_3
basvuranlarin_0,nan,0,[],,a_HarvardUniversity_3
"%5,3'Unu_0",nan,0,[],a_HarvardUniversity_3_qa_0 ,a_HarvardUniversity_3
kabul_1,nan,0,[],,a_HarvardUniversity_3
"etmistir,_0",nan,0,[],,a_HarvardUniversity_3
tm_0,nan,0,[],,a_HarvardUniversity_3
 ulusal_0,nan,0,[],,a_HarvardUniversity_3
JUniversiteler_0,nan,0,[],,a_HarvardUniversity_3
arasinda__0,nan,0,[],,a_HarvardUniversity_3
rekor_0,nan,0,[],,a_HarvardUniversity_3
disuk_0,nan,0,[],,a_HarvardUniversity_3
ve_0,nan,0,[],,a_HarvardUniversity_3
ikinci_0,nan,0,[],,a_HarvardUniversity_3
en_0,nan,0,[],,a_HarvardUniversity_3
dusuk_0,nan,0,[],a_HarvardUniversity_3_qa_2 ,a_HarvardUniversity_3
kabul_2,nan,0,[],a_HarvardUniversity_3_qa_2 ,a_HarvardUniversity_3
orani._0,nan,0,[],a_HarvardUniversity_3_qa_2 ,a_HarvardUniversity_3
Harvard_1,nan,0,[],a_HarvardUniversity_3_qa_2 ,a_HarvardUniversity_3
"College,_0",nan,0,[],a_HarvardUniversity_3_qa_2 ,a_HarvardUniversity_3
secmeli_0,nan,0,[],a_HarvardUniversity_3_qa_2 ,a_HarvardUniversity_3
Universitelere_0,nan,0,[],a_HarvardUniversity_3_qa_2 ,a_HarvardUniversity_3
basvuran_0,nan,0,[],a_HarvardUniversity_3_qa_2 ,a_HarvardUniversity_3
 disuk_0,nan,0,[],a_HarvardUniversity_3_qa_2 ,a_HarvardUniversity_3
-_0,nan,0,[],a_HarvardUniversity_3_qa_2 ,a_HarvardUniversity_3
gelirli_0,nan,0,[],a_HarvardUniversity_3_qa_2 ,a_HarvardUniversity_3
ve_1,nan,0,[],a_HarvardUniversity_3_qa_2 ,a_HarvardUniversity_3
az_0,nan,0,[],a_HarvardUniversity_3_qa_2 ,a_HarvardUniversity_3
temsil_0,nan,0,[],a_HarvardUniversity_3_qa_2 ,a_HarvardUniversity_3
edilen_0,nan,0,[],a_HarvardUniversity_3_qa_2 ,a_HarvardUniversity_3
 aziniik_0,nan,0,[],a_HarvardUniversity_3_qa_2 ,a_HarvardUniversity_3
basvuru__0,nan,0,[],a_HarvardUniversity_3_qa_2 ,a_HarvardUniversity_3
sahiplerinin_0,nan,0,[],a_HarvardUniversity_3_qa_2 ,a_HarvardUniversity_3
dezavantaji_0,nan,0,[],a_HarvardUniversity_3_qa_2 ,a_HarvardUniversity_3
olduguna_0,nan,0,[],a_HarvardUniversity_3_qa_2 ,a_HarvardUniversity_3
"inanildigindan,_0",nan,0,[],a_HarvardUniversity_3_qa_2 ,a_HarvardUniversity_3
2007_0,nan,0,[],a_HarvardUniversity_3_qa_1 a_HarvardUniversity_3_qa_2 ,a_HarvardUniversity_3
yilinda_0,nan,0,[],a_HarvardUniversity_3_qa_2 ,a_HarvardUniversity_3
erken_0,nan,0,[],a_HarvardUniversity_3_qa_2 ,a_HarvardUniversity_3
kabul_3,nan,0,[],a_HarvardUniversity_3_qa_2 ,a_HarvardUniversity_3
programina_0,nan,0,[],a_HarvardUniversity_3_qa_2 ,a_HarvardUniversity_3
son_0,nan,0,[],a_HarvardUniversity_3_qa_2 ,a_HarvardUniversity_3
"verdi,_0",nan,0,[],a_HarvardUniversity_3_qa_2 ,a_HarvardUniversity_3
fakat_0,nan,0,[],a_HarvardUniversity_3_qa_2 ,a_HarvardUniversity_3
2016_0,nan,0,[],a_HarvardUniversity_3_qa_2 a_HarvardUniversity_3_qa_3 ,a_HarvardUniversity_3
—_0,nan,0,[],a_HarvardUniversity_3_qa_2 a_HarvardUniversity_3_qa_3 ,a_HarvardUniversity_3
sinifi_1,nan,0,[],a_HarvardUniversity_3_qa_2 ,a_HarvardUniversity_3
igin’_0,nan,0,[],,a_HarvardUniversity_3
bir_0,nan,0,[],,a_HarvardUniversity_3
Erken_1,nan,0,[],,a_HarvardUniversity_3
Eylem__0,nan,0,[],,a_HarvardUniversity_3
programi_0,nan,0,[],,a_HarvardUniversity_3
yeniden_0,nan,0,[],,a_HarvardUniversity_3
tanitildi._0,nan,0,[],,a_HarvardUniversity_3
Her_0,nan,0,[],,a_SkyUnitedKingdom_4
iki_0,nan,0,[],,a_SkyUnitedKingdom_4
kanal_0,nan,0,[],,a_SkyUnitedKingdom_4
saglayicisinin§_0,1829.0,3,"[5, 17, 61]",,a_SkyUnitedKingdom_4
kanallarinin_0,592.0,1,[3],,a_SkyUnitedKingdom_4
 belirli_0,593.0,1,[67],,a_SkyUnitedKingdom_4
performansa___0,1225.0,2,"[29, 63]",,a_SkyUnitedKingdom_4
iliskin_0,582.0,1,[30],,a_SkyUnitedKingdom_4
hedefleri_0,nan,0,[],,a_SkyUnitedKingdom_4
gerceklestirmeleri_0,nan,0,[],,a_SkyUnitedKingdom_4
durumunda_0,nan,0,[],,a_SkyUnitedKingdom_4
ek_0,608.0,1,[42],,a_SkyUnitedKingdom_4
Ust__0,nan,0,[],,a_SkyUnitedKingdom_4
sinirli_0,1220.0,2,"[22, 36]",,a_SkyUnitedKingdom_4
Odemeleri_0,2475.0,4,"[16, 33, 37, 65]",,a_SkyUnitedKingdom_4
giuvence_0,1810.0,3,"[13, 40, 41]",,a_SkyUnitedKingdom_4
altina_0,nan,0,[],,a_SkyUnitedKingdom_4
alabilecekleri_0,602.0,1,[28],,a_SkyUnitedKingdom_4
"anlasmalar,_0",nan,0,[],,a_SkyUnitedKingdom_4
30_0,nan,0,[],a_SkyUnitedKingdom_4_qa_0 ,a_SkyUnitedKingdom_4
milyon_0,584.0,1,[57],a_SkyUnitedKingdom_4_qa_0 ,a_SkyUnitedKingdom_4
£_0,nan,0,[],a_SkyUnitedKingdom_4_qa_0 ,a_SkyUnitedKingdom_4
 tutarinda_0,nan,0,[],,a_SkyUnitedKingdom_4
sabit_0,nan,0,[],,a_SkyUnitedKingdom_4
yillik_0,605.0,1,[66],,a_SkyUnitedKingdom_4
tasima_0,588.0,1,[38],,a_SkyUnitedKingdom_4
 Ucretlerini_0,603.0,1,[39],,a_SkyUnitedKingdom_4
igerir._0,nan,0,[],,a_SkyUnitedKingdom_4
Su_0,nan,0,[],,a_SkyUnitedKingdom_4
"anda,_0",nan,0,[],,a_SkyUnitedKingdom_4
yeni_0,nan,0,[],,a_SkyUnitedKingdom_4
anlasmanin_0,nan,0,[],,a_SkyUnitedKingdom_4
6nceden_0,1200.0,2,"[59, 60]",,a_SkyUnitedKingdom_4
BSkyB_0,612.0,1,[2],,a_SkyUnitedKingdom_4
tarafindan_0,631.0,1,[6],,a_SkyUnitedKingdom_4
 sunulan_0,584.0,1,[12],,a_SkyUnitedKingdom_4
ek_1,nan,0,[],,a_SkyUnitedKingdom_4
isteZe_0,nan,0,[],,a_SkyUnitedKingdom_4
Bagli_0,nan,0,[],,a_SkyUnitedKingdom_4
Video_0,581.0,1,[31],,a_SkyUnitedKingdom_4
ve_0,nan,0,[],,a_SkyUnitedKingdom_4
Yuksek_0,nan,0,[],,a_SkyUnitedKingdom_4
Tanimli_0,nan,0,[],,a_SkyUnitedKingdom_4
igerigi_0,1200.0,2,"[56, 58]",,a_SkyUnitedKingdom_4
kapsayip_0,nan,0,[],,a_SkyUnitedKingdom_4
kapsamayacagina_iliskin_0,2621.0,4,"[7, 44, 45, 46]",,a_SkyUnitedKingdom_4
bir_0,nan,0,[],a_SkyUnitedKingdom_4_qa_1 ,a_SkyUnitedKingdom_4
emare_0,nan,0,[],a_SkyUnitedKingdom_4_qa_1 ,a_SkyUnitedKingdom_4
bulunmamaktadir._0,nan,0,[],a_SkyUnitedKingdom_4_qa_2 ,a_SkyUnitedKingdom_4
Anlasmalarin§_0,nan,0,[],a_SkyUnitedKingdom_4_qa_2 ,a_SkyUnitedKingdom_4
bir_1,nan,0,[],a_SkyUnitedKingdom_4_qa_2 ,a_SkyUnitedKingdom_4
pargasi_0,1222.0,2,"[8, 20]",a_SkyUnitedKingdom_4_qa_2 ,a_SkyUnitedKingdom_4
olarak_0,nan,0,[],a_SkyUnitedKingdom_4_qa_2 ,a_SkyUnitedKingdom_4
hem_0,nan,0,[],a_SkyUnitedKingdom_4_qa_2 ,a_SkyUnitedKingdom_4
BSkyB_1,nan,0,[],a_SkyUnitedKingdom_4_qa_2 a_SkyUnitedKingdom_4_qa_3 ,a_SkyUnitedKingdom_4
hem_1,596.0,1,[27],a_SkyUnitedKingdom_4_qa_2 ,a_SkyUnitedKingdom_4
de__0,nan,0,[],a_SkyUnitedKingdom_4_qa_2 ,a_SkyUnitedKingdom_4
Virgin_0,nan,0,[],a_SkyUnitedKingdom_4_qa_2 ,a_SkyUnitedKingdom_4
Media_0,nan,0,[],a_SkyUnitedKingdom_4_qa_2 ,a_SkyUnitedKingdom_4
kendi_0,nan,0,[],a_SkyUnitedKingdom_4_qa_2 ,a_SkyUnitedKingdom_4
temel__0,nan,0,[],a_SkyUnitedKingdom_4_qa_2 a_SkyUnitedKingdom_4_qa_4 ,a_SkyUnitedKingdom_4
kanallarininin§_0,nan,0,[],a_SkyUnitedKingdom_4_qa_2 a_SkyUnitedKingdom_4_qa_4 ,a_SkyUnitedKingdom_4
tasinmasina_0,1788.0,3,"[19, 43, 48]",a_SkyUnitedKingdom_4_qa_2 ,a_SkyUnitedKingdom_4
iliskin_1,598.0,1,[51],a_SkyUnitedKingdom_4_qa_2 ,a_SkyUnitedKingdom_4
olarak_1,600.0,1,[26],a_SkyUnitedKingdom_4_qa_2 ,a_SkyUnitedKingdom_4
birbirlerine_0,nan,0,[],a_SkyUnitedKingdom_4_qa_2 ,a_SkyUnitedKingdom_4
—_0,nan,0,[],a_SkyUnitedKingdom_4_qa_2 ,a_SkyUnitedKingdom_4
karsi_0,nan,0,[],a_SkyUnitedKingdom_4_qa_2 ,a_SkyUnitedKingdom_4
agtiklar!_0,nan,0,[],,a_SkyUnitedKingdom_4
YUksek_1,nan,0,[],,a_SkyUnitedKingdom_4
Mahkeme_0,617.0,1,[54],,a_SkyUnitedKingdom_4
=_0,1205.0,2,"[54, 55]",,a_SkyUnitedKingdom_4
davalarini_0,1190.0,2,"[18, 55]",,a_SkyUnitedKingdom_4
sonlandirmay!_0,1825.0,3,"[9, 49, 50]",,a_SkyUnitedKingdom_4
kabul_0,nan,0,[],,a_SkyUnitedKingdom_4
 etti._0,nan,0,[],,a_SkyUnitedKingdom_4
2005'ten_0,nan,0,[],,a_SouthernCalifornia_4
2014'e_0,nan,0,[],a_SouthernCalifornia_4_qa_2 ,a_SouthernCalifornia_4
"kadar,_0",nan,0,[],,a_SouthernCalifornia_4
Los_0,nan,0,[],,a_SouthernCalifornia_4
Angeles'ta_0,nan,0,[],,a_SouthernCalifornia_4
iki_0,607.0,1,[12],a_SouthernCalifornia_4_qa_1 ,a_SouthernCalifornia_4
Major_0,nan,0,[],,a_SouthernCalifornia_4
League_0,nan,0,[],,a_SouthernCalifornia_4
Soccer_0,nan,0,[],,a_SouthernCalifornia_4
takimi_0,nan,0,[],,a_SouthernCalifornia_4
vardi:_0,nan,0,[],,a_SouthernCalifornia_4
LA_0,nan,0,[],,a_SouthernCalifornia_4
Galaxy_0,nan,0,[],,a_SouthernCalifornia_4
ve_0,nan,0,[],,a_SouthernCalifornia_4
Chivas_0,nan,0,[],,a_SouthernCalifornia_4
USA._0,nan,0,[],,a_SouthernCalifornia_4
Her_0,1251.0,2,"[5, 9]",,a_SouthernCalifornia_4
iki_1,615.0,1,[11],,a_SouthernCalifornia_4
takim_0,610.0,1,[10],,a_SouthernCalifornia_4
da_0,631.0,1,[3],,a_SouthernCalifornia_4
maciarini_0,nan,0,[],,a_SouthernCalifornia_4
StubHub_0,nan,0,[],a_SouthernCalifornia_4_qa_3 ,a_SouthernCalifornia_4
Center'da_0,nan,0,[],a_SouthernCalifornia_4_qa_3 ,a_SouthernCalifornia_4
oynardi_0,nan,0,[],,a_SouthernCalifornia_4
ve_1,nan,0,[],,a_SouthernCalifornia_4
yerel_0,nan,0,[],,a_SouthernCalifornia_4
rakiplerdi._0,nan,0,[],,a_SouthernCalifornia_4
Ancak_0,586.0,1,[6],,a_SouthernCalifornia_4
"Chivas,_1",nan,0,[],a_SouthernCalifornia_4_qa_0 ,a_SouthernCalifornia_4
2014_0,nan,0,[],,a_SouthernCalifornia_4
MLS_0,nan,0,[],,a_SouthernCalifornia_4
sezonunun_0,625.0,1,[1],,a_SouthernCalifornia_4
=_0,nan,0,[],,a_SouthernCalifornia_4
ardindan_0,nan,0,[],,a_SouthernCalifornia_4
uzaklastirild|_0,nan,0,[],,a_SouthernCalifornia_4
ve_2,nan,0,[],,a_SouthernCalifornia_4
 ikinci_0,nan,0,[],,a_SouthernCalifornia_4
bir_0,615.0,1,[8],,a_SouthernCalifornia_4
MLS_1,nan,0,[],,a_SouthernCalifornia_4
takiminin§_0,nan,0,[],,a_SouthernCalifornia_4
2018'de_0,nan,0,[],a_SouthernCalifornia_4_qa_4 ,a_SouthernCalifornia_4
ddnmesi_0,nan,0,[],,a_SouthernCalifornia_4
programlandi._0,620.0,1,[0],,a_SouthernCalifornia_4
Gegmis_0,nan,0,[],,a_Teacher_0
zamanlarda_0,nan,0,[],,a_Teacher_0
bedensel_0,nan,0,[],,a_Teacher_0
ceza_0,nan,1,[0],,a_Teacher_0
(fiziksel_0,651.0,1,[17],a_Teacher_0_qa_4 ,a_Teacher_0
actya_0,nan,0,[],a_Teacher_0_qa_4 ,a_Teacher_0
yol_0,nan,0,[],,a_Teacher_0
acmak_0,nan,0,[],,a_Teacher_0
Uzere_0,nan,0,[],,a_Teacher_0
6grenciye_0,nan,0,[],,a_Teacher_0
tokat_0,nan,0,[],,a_Teacher_0
atma_0,nan,0,[],,a_Teacher_0
veya_0,nan,0,[],,a_Teacher_0
saplak_0,nan,0,[],,a_Teacher_0
atma_1,644.0,1,[9],,a_Teacher_0
veya_1,837.0,1,[18],,a_Teacher_0
sopayla_0,nan,0,[],,a_Teacher_0
vurma_0,645.0,1,[2],,a_Teacher_0
veya_2,nan,0,[],,a_Teacher_0
kemerle_0,608.0,1,[4],,a_Teacher_0
dévme__0,nan,0,[],,a_Teacher_0
veya_3,nan,0,[],,a_Teacher_0
Ogrenciyi_0,nan,0,[],a_Teacher_0_qa_0 ,a_Teacher_0
falakaya_0,nan,0,[],a_Teacher_0_qa_0 ,a_Teacher_0
"yatirma),_0",nan,0,[],a_Teacher_0_qa_0 ,a_Teacher_0
diunyanin_0,nan,0,[],a_Teacher_0_qa_0 ,a_Teacher_0
cogu_0,nan,0,[],a_Teacher_0_qa_0 ,a_Teacher_0
 bdlgesinde_0,nan,0,[],a_Teacher_0_qa_0 ,a_Teacher_0
en_0,nan,0,[],a_Teacher_0_qa_0 ,a_Teacher_0
yaygin§_0,1270.0,2,"[3, 27]",a_Teacher_0_qa_0 ,a_Teacher_0
okul_0,nan,0,[],a_Teacher_0_qa_0 ,a_Teacher_0
—_0,nan,0,[],a_Teacher_0_qa_0 ,a_Teacher_0
disiplini_0,nan,0,[],a_Teacher_0_qa_0 ,a_Teacher_0
bicimlerinden_0,nan,0,[],a_Teacher_0_qa_0 ,a_Teacher_0
 biriydi._0,nan,0,[],a_Teacher_0_qa_0 ,a_Teacher_0
Cogu_1,nan,0,[],a_Teacher_0_qa_0 a_Teacher_0_qa_1 ,a_Teacher_0
Batill_0,nan,0,[],a_Teacher_0_qa_0 a_Teacher_0_qa_1 ,a_Teacher_0
Ulke_0,1411.0,2,"[8, 14]",a_Teacher_0_qa_0 a_Teacher_0_qa_1 ,a_Teacher_0
ve_0,nan,0,[],a_Teacher_0_qa_0 ,a_Teacher_0
bazi_0,638.0,1,[15],a_Teacher_0_qa_0 ,a_Teacher_0
diger_0,622.0,1,[7],a_Teacher_0_qa_0 ,a_Teacher_0
"Ulkeler,_0",nan,0,[],a_Teacher_0_qa_0 ,a_Teacher_0
artik_0,nan,0,[],a_Teacher_0_qa_0 ,a_Teacher_0
bedensel_1,nan,0,[],a_Teacher_0_qa_0 ,a_Teacher_0
cezay!_0,nan,0,[],,a_Teacher_0
yasaklamigs_0,nan,0,[],,a_Teacher_0
olsa_0,nan,0,[],,a_Teacher_0
"da,_0",nan,0,[],,a_Teacher_0
saplak_1,nan,0,[],,a_Teacher_0
atmanin_0,2084.0,3,"[19, 20, 23]",,a_Teacher_0
ABD_0,nan,0,[],,a_Teacher_0
=_0,nan,0,[],,a_Teacher_0
Anayasasi'n_0,nan,0,[],,a_Teacher_0
ihlal_0,654.0,1,[6],,a_Teacher_0
etmedigini_0,nan,0,[],,a_Teacher_0
karara_0,nan,0,[],,a_Teacher_0
baglayan_0,nan,0,[],,a_Teacher_0
1977_0,nan,0,[],,a_Teacher_0
tarihli_0,nan,0,[],,a_Teacher_0
bir_0,628.0,1,[10],,a_Teacher_0
ABD_1,nan,0,[],a_Teacher_0_qa_3 ,a_Teacher_0
Anayasa_0,619.0,1,[13],a_Teacher_0_qa_3 ,a_Teacher_0
Mahkemesi__0,nan,0,[],a_Teacher_0_qa_3 ,a_Teacher_0
kararini_0,597.0,1,[26],,a_Teacher_0
takiben_0,nan,0,[],,a_Teacher_0
bedensel_2,nan,0,[],,a_Teacher_0
ceza_1,nan,0,[],,a_Teacher_0
Amerika_0,nan,0,[],a_Teacher_0_qa_2 ,a_Teacher_0
Birlesik_0,nan,0,[],a_Teacher_0_qa_2 ,a_Teacher_0
Devletleriinde_0,1301.0,2,"[11, 22]",a_Teacher_0_qa_2 ,a_Teacher_0
yasal_0,nan,0,[],,a_Teacher_0
olarak_0,nan,0,[],,a_Teacher_0
kalmistir._0,615.0,1,[25],,a_Teacher_0
